--
-- PostgreSQL database dump
--

-- Dumped from database version 13.3 (Debian 13.3-1.pgdg100+1)
-- Dumped by pg_dump version 13.3 (Debian 13.3-1.pgdg100+1)

SET statement_timeout = 0;
SET lock_timeout = 0;
SET idle_in_transaction_session_timeout = 0;
SET client_encoding = 'UTF8';
SET standard_conforming_strings = on;
SELECT pg_catalog.set_config('search_path', '', false);
SET check_function_bodies = false;
SET xmloption = content;
SET client_min_messages = warning;
SET row_security = off;

--
-- Data for Name: calendar_event_step_views; Type: TABLE DATA; Schema: public; Owner: app
--

INSERT INTO public.calendar_event_step_views (id, championship_slug, color, icon, name, type, venue_label, date_time, reference) VALUES ('9899cb6b-efb7-4f13-b3c9-72052bddf341', 'formula1', '#e00601', 'f1.svg', 'Heineken Australian GP', 'Race', 'Melbourne Grand Prix Circuit', '2022-04-10 05:00:00', 'c6e5d69a-9dd5-40c2-8245-abe5eb311476');
INSERT INTO public.calendar_event_step_views (id, championship_slug, color, icon, name, type, venue_label, date_time, reference) VALUES ('4eac529d-3724-4f1a-a34f-46ed86dad71b', 'formula1', '#e00601', 'f1.svg', 'Rolex Emilia Romagna GP', 'Practice 1', 'Autodromo Internazionale Enzo e Dino Ferrari', '2022-04-22 11:30:00', '0207dcae-1a26-449e-8207-0e6df01ed960');
INSERT INTO public.calendar_event_step_views (id, championship_slug, color, icon, name, type, venue_label, date_time, reference) VALUES ('8f2a46be-65a1-4be2-8d0a-26f196837345', 'formula1', '#e00601', 'f1.svg', 'Rolex Emilia Romagna GP', 'Qualifying', 'Autodromo Internazionale Enzo e Dino Ferrari', '2022-04-22 15:00:00', 'bddbb6b4-e15a-48b8-9aca-a0d028bb7201');
INSERT INTO public.calendar_event_step_views (id, championship_slug, color, icon, name, type, venue_label, date_time, reference) VALUES ('a16525ad-3daf-498f-8fa8-60bc941ee1bc', 'formula1', '#e00601', 'f1.svg', 'Rolex Emilia Romagna GP', 'Practice 2', 'Autodromo Internazionale Enzo e Dino Ferrari', '2022-04-23 10:30:00', 'be5c528d-cba2-479f-8b04-dcd210407154');
INSERT INTO public.calendar_event_step_views (id, championship_slug, color, icon, name, type, venue_label, date_time, reference) VALUES ('adf58ea5-69a9-4a05-8748-23b83d346e12', 'formula1', '#e00601', 'f1.svg', 'Rolex Emilia Romagna GP', 'Sprint Qualifying', 'Autodromo Internazionale Enzo e Dino Ferrari', '2022-04-23 14:30:00', '39c033cc-8b28-4587-ad95-4ce334e5c3bc');
INSERT INTO public.calendar_event_step_views (id, championship_slug, color, icon, name, type, venue_label, date_time, reference) VALUES ('d4860ddc-9974-4806-a69e-a3b343c02a12', 'formula1', '#e00601', 'f1.svg', 'Rolex Emilia Romagna GP', 'Race', 'Autodromo Internazionale Enzo e Dino Ferrari', '2022-04-24 13:00:00', 'e9a88ef1-6672-46ca-bf46-1957e0046fb0');
INSERT INTO public.calendar_event_step_views (id, championship_slug, color, icon, name, type, venue_label, date_time, reference) VALUES ('7c05409a-1d91-4816-bf13-05fb896d1450', 'formula1', '#e00601', 'f1.svg', 'Crypto.com Miami GP', 'Practice 1', 'Miami International Autodrome', '2022-05-06 18:30:00', '83058919-fc03-4e0b-a20b-bdd71a338378');
INSERT INTO public.calendar_event_step_views (id, championship_slug, color, icon, name, type, venue_label, date_time, reference) VALUES ('87c9a953-791a-466f-bf26-322889d25807', 'formula1', '#e00601', 'f1.svg', 'Crypto.com Miami GP', 'Practice 2', 'Miami International Autodrome', '2022-05-06 21:30:00', 'c5588b1a-7318-468b-88a9-f06e2ac3bdf0');
INSERT INTO public.calendar_event_step_views (id, championship_slug, color, icon, name, type, venue_label, date_time, reference) VALUES ('13b4d64f-3387-4d74-8b6e-3e9de6c8b6aa', 'formula1', '#e00601', 'f1.svg', 'Crypto.com Miami GP', 'Practice 3', 'Miami International Autodrome', '2022-05-07 17:00:00', '57456d37-541a-447e-96f7-027bb18209cc');
INSERT INTO public.calendar_event_step_views (id, championship_slug, color, icon, name, type, venue_label, date_time, reference) VALUES ('f3a1581b-3cc2-4ccb-8665-b67a38ded1d7', 'formula1', '#e00601', 'f1.svg', 'Crypto.com Miami GP', 'Qualifying', 'Miami International Autodrome', '2022-05-07 20:00:00', '92eaaf65-61c8-4fb0-8c45-791ba43da5e1');
INSERT INTO public.calendar_event_step_views (id, championship_slug, color, icon, name, type, venue_label, date_time, reference) VALUES ('3ee05d2a-b53a-4595-8cc1-ca2f15505b72', 'formula1', '#e00601', 'f1.svg', 'Crypto.com Miami GP', 'Race', 'Miami International Autodrome', '2022-05-08 19:30:00', '74b8e5dd-838c-49d4-8dff-77b7dc940b98');
INSERT INTO public.calendar_event_step_views (id, championship_slug, color, icon, name, type, venue_label, date_time, reference) VALUES ('ead4b235-2772-4c06-8491-26b31a1edc7f', 'formula1', '#e00601', 'f1.svg', 'Pirelli Spanish GP', 'Practice 2', 'Circuit de Barcelona-Catalunya', '2022-05-20 15:00:00', '04775cb5-7fc4-4fb6-8a87-6a9a5b0c003b');
INSERT INTO public.calendar_event_step_views (id, championship_slug, color, icon, name, type, venue_label, date_time, reference) VALUES ('3292021b-68a8-4289-b7c3-ca36e8daacb9', 'formula1', '#e00601', 'f1.svg', 'Pirelli Spanish GP', 'Practice 1', 'Circuit de Barcelona-Catalunya', '2022-05-20 12:00:00', 'ee6b750a-83eb-4d12-909e-b1deb292111e');
INSERT INTO public.calendar_event_step_views (id, championship_slug, color, icon, name, type, venue_label, date_time, reference) VALUES ('a3516724-0ea4-4d8d-9004-8c875401fb08', 'formula1', '#e00601', 'f1.svg', 'Pirelli Spanish GP', 'Race', 'Circuit de Barcelona-Catalunya', '2022-05-22 13:00:00', 'ed57ee09-030b-483b-92d9-d63a43b7b9f8');
INSERT INTO public.calendar_event_step_views (id, championship_slug, color, icon, name, type, venue_label, date_time, reference) VALUES ('f34042b6-f68f-4f64-8035-9dab3e725da9', 'formula1', '#e00601', 'f1.svg', 'Pirelli Spanish GP', 'Practice 3', 'Circuit de Barcelona-Catalunya', '2022-05-21 11:00:00', '61f52072-6048-4500-89a9-e05bab0f5b78');
INSERT INTO public.calendar_event_step_views (id, championship_slug, color, icon, name, type, venue_label, date_time, reference) VALUES ('c7331ef0-4eb4-43de-9fbf-69e76e37e538', 'formula1', '#e00601', 'f1.svg', 'Pirelli Spanish GP', 'Qualifying', 'Circuit de Barcelona-Catalunya', '2022-05-21 14:00:00', '65200673-c8a9-4100-aea8-3d8ec3e07d0d');
INSERT INTO public.calendar_event_step_views (id, championship_slug, color, icon, name, type, venue_label, date_time, reference) VALUES ('d63fcc60-0be5-4be9-9e06-ff76628d94ae', 'formula1', '#e00601', 'f1.svg', 'Monaco GP', 'Practice 1', 'Circuit de Monaco', '2022-05-27 12:00:00', '491f76bd-9487-49a5-a934-98536c4da061');
INSERT INTO public.calendar_event_step_views (id, championship_slug, color, icon, name, type, venue_label, date_time, reference) VALUES ('f6617da4-ecf8-4957-93d4-2aa1b9cee1bb', 'formula1', '#e00601', 'f1.svg', 'Monaco GP', 'Practice 2', 'Circuit de Monaco', '2022-05-27 15:00:00', '2905ef05-c466-43f9-9f0a-c455d47b1ac3');
INSERT INTO public.calendar_event_step_views (id, championship_slug, color, icon, name, type, venue_label, date_time, reference) VALUES ('6727d676-7186-4604-ba31-3bbcaecc33f2', 'formula1', '#e00601', 'f1.svg', 'Monaco GP', 'Practice 3', 'Circuit de Monaco', '2022-05-28 11:00:00', 'bc346ba8-6f3d-4cf6-80a5-67a1700c2b90');
INSERT INTO public.calendar_event_step_views (id, championship_slug, color, icon, name, type, venue_label, date_time, reference) VALUES ('dc1a9898-1eb6-4ba0-b5d9-06636a7009a5', 'formula1', '#e00601', 'f1.svg', 'Monaco GP', 'Qualifying', 'Circuit de Monaco', '2022-05-28 14:00:00', '381d713b-9c03-4a67-8886-ff5dc1947d27');
INSERT INTO public.calendar_event_step_views (id, championship_slug, color, icon, name, type, venue_label, date_time, reference) VALUES ('099c47ab-7cca-43b0-b3ad-51dc74bbdb8d', 'formula1', '#e00601', 'f1.svg', 'Monaco GP', 'Race', 'Circuit de Monaco', '2022-05-29 13:00:00', 'b3e9ef4c-9a22-4525-930d-a56cdecad111');
INSERT INTO public.calendar_event_step_views (id, championship_slug, color, icon, name, type, venue_label, date_time, reference) VALUES ('01e70c20-be97-43db-9b05-f2f11ae37717', 'formula1', '#e00601', 'f1.svg', 'Azerbaijan GP', 'Practice 1', 'Baku City Circuit', '2022-06-10 11:00:00', 'a04185d0-6a3c-475d-bfa1-3ec50e279396');
INSERT INTO public.calendar_event_step_views (id, championship_slug, color, icon, name, type, venue_label, date_time, reference) VALUES ('39ffc1e6-fc3e-4411-937c-26e72cfd0491', 'formula1', '#e00601', 'f1.svg', 'Azerbaijan GP', 'Practice 2', 'Baku City Circuit', '2022-06-10 14:00:00', '5b8afd7b-e533-43a3-9f7e-7fe58ac29d11');
INSERT INTO public.calendar_event_step_views (id, championship_slug, color, icon, name, type, venue_label, date_time, reference) VALUES ('5975f29b-b4c0-4572-a492-16d019ceeb6f', 'formula1', '#e00601', 'f1.svg', 'Azerbaijan GP', 'Practice 3', 'Baku City Circuit', '2022-06-11 11:00:00', '442c53cd-4109-42da-a20f-a50b72fe682d');
INSERT INTO public.calendar_event_step_views (id, championship_slug, color, icon, name, type, venue_label, date_time, reference) VALUES ('539da7fe-2d9f-464d-a31b-00b087322eef', 'formula1', '#e00601', 'f1.svg', 'Azerbaijan GP', 'Race', 'Baku City Circuit', '2022-06-12 11:00:00', 'a8ebaa61-053b-4c39-b9bd-be494c5aa82a');
INSERT INTO public.calendar_event_step_views (id, championship_slug, color, icon, name, type, venue_label, date_time, reference) VALUES ('19f9fcd8-c82c-4966-b400-73c1639291d0', 'formula1', '#e00601', 'f1.svg', 'AWS Canada GP', 'Practice 1', 'Circuit Gilles-Villeneuve', '2022-06-17 18:00:00', '8496286c-bc26-4d7a-ba4e-2b89731c7eba');
INSERT INTO public.calendar_event_step_views (id, championship_slug, color, icon, name, type, venue_label, date_time, reference) VALUES ('3d99552f-6614-4910-a1ff-578b3d4080fc', 'formula1', '#e00601', 'f1.svg', 'AWS Canada GP', 'Practice 2', 'Circuit Gilles-Villeneuve', '2022-06-17 21:00:00', '2530f627-e816-42c1-9255-bb5a23f4b923');
INSERT INTO public.calendar_event_step_views (id, championship_slug, color, icon, name, type, venue_label, date_time, reference) VALUES ('ed9a9a3d-6c30-4652-93b1-a30f0f1cc0cd', 'formula1', '#e00601', 'f1.svg', 'AWS Canada GP', 'Practice 3', 'Circuit Gilles-Villeneuve', '2022-06-18 17:00:00', 'cf39e5ab-4d85-4d18-9d0c-e9aeb46d1095');
INSERT INTO public.calendar_event_step_views (id, championship_slug, color, icon, name, type, venue_label, date_time, reference) VALUES ('7a493d3d-9e07-43f4-b25e-897704593708', 'formula1', '#e00601', 'f1.svg', 'AWS Canada GP', 'Qualifying', 'Circuit Gilles-Villeneuve', '2022-06-18 20:00:00', '11f50c3b-2c72-4174-af53-8eef221e0ff4');
INSERT INTO public.calendar_event_step_views (id, championship_slug, color, icon, name, type, venue_label, date_time, reference) VALUES ('34dbf6f6-f10d-4171-a4b0-1af722169b46', 'formula1', '#e00601', 'f1.svg', 'AWS Canada GP', 'Race', 'Circuit Gilles-Villeneuve', '2022-06-19 18:00:00', '99d4c260-715b-4af2-b82b-1a6beac17a6d');
INSERT INTO public.calendar_event_step_views (id, championship_slug, color, icon, name, type, venue_label, date_time, reference) VALUES ('74d90bdd-50ac-4a92-986d-b40d7aac50f0', 'formula1', '#e00601', 'f1.svg', 'Lenovo British GP', 'Practice 1', 'Silverstone Circuit', '2022-07-01 12:00:00', 'c91bf7ae-670a-4248-a571-61cd3a154800');
INSERT INTO public.calendar_event_step_views (id, championship_slug, color, icon, name, type, venue_label, date_time, reference) VALUES ('ffd46dfc-292e-4375-95e2-edb7f787aac9', 'formula1', '#e00601', 'f1.svg', 'Lenovo British GP', 'Practice 2', 'Silverstone Circuit', '2022-07-01 15:00:00', 'c3aabafa-e984-4d37-8618-11dcf2e4a558');
INSERT INTO public.calendar_event_step_views (id, championship_slug, color, icon, name, type, venue_label, date_time, reference) VALUES ('383d1131-65d5-4409-9c66-b86e85bbb1de', 'formula1', '#e00601', 'f1.svg', 'Lenovo British GP', 'Practice 3', 'Silverstone Circuit', '2022-07-02 11:00:00', '7bc6c9da-6f55-4412-b947-a03279542225');
INSERT INTO public.calendar_event_step_views (id, championship_slug, color, icon, name, type, venue_label, date_time, reference) VALUES ('9049078f-4184-408f-9fbc-c69777737efc', 'formula1', '#e00601', 'f1.svg', 'Lenovo British GP', 'Qualifying', 'Silverstone Circuit', '2022-07-02 14:00:00', '3a6228dd-9a7b-420d-928d-d8c4b6ee62a0');
INSERT INTO public.calendar_event_step_views (id, championship_slug, color, icon, name, type, venue_label, date_time, reference) VALUES ('b38cb7eb-1873-4251-ad34-6b3522ef7571', 'formula1', '#e00601', 'f1.svg', 'Lenovo British GP', 'Race', 'Silverstone Circuit', '2022-07-03 14:00:00', '2fc09c78-4025-4e95-b8f0-84aaa413521c');
INSERT INTO public.calendar_event_step_views (id, championship_slug, color, icon, name, type, venue_label, date_time, reference) VALUES ('dcc8e915-23b6-420e-8a58-4c000bc4fe72', 'formula1', '#e00601', 'f1.svg', 'Rolex Austrian GP', 'Qualifying', 'Red Bull Ring', '2022-07-08 15:00:00', '0d7a764d-e6d1-4d0f-87c7-cc6b8aaa9e63');
INSERT INTO public.calendar_event_step_views (id, championship_slug, color, icon, name, type, venue_label, date_time, reference) VALUES ('b3eec3cd-7236-4f8b-8cad-a2b33cea9e82', 'formula1', '#e00601', 'f1.svg', 'Rolex Austrian GP', 'Practice 2', 'Red Bull Ring', '2022-07-09 10:30:00', '02524657-b6a6-44d1-afb6-9349574615b5');
INSERT INTO public.calendar_event_step_views (id, championship_slug, color, icon, name, type, venue_label, date_time, reference) VALUES ('3750195b-d4e6-4946-a95b-2eaedf863669', 'formula1', '#e00601', 'f1.svg', 'Rolex Austrian GP', 'Sprint Qualifying', 'Red Bull Ring', '2022-07-09 14:30:00', '6c65d484-4acb-4cbb-95f0-6ba00187c6af');
INSERT INTO public.calendar_event_step_views (id, championship_slug, color, icon, name, type, venue_label, date_time, reference) VALUES ('ea738ce2-7aa5-49d4-ba84-a854f1b185b2', 'formula1', '#e00601', 'f1.svg', 'Rolex Austrian GP', 'Race', 'Red Bull Ring', '2022-07-10 13:00:00', '50247b27-8dec-4684-be79-ce39fa564109');
INSERT INTO public.calendar_event_step_views (id, championship_slug, color, icon, name, type, venue_label, date_time, reference) VALUES ('e86c5abb-ab77-4f98-9a59-47046e351835', 'formula1', '#e00601', 'f1.svg', 'Rolex Austrian GP', 'Practice 1', 'Red Bull Ring', '2022-07-08 11:30:00', '90837dd0-f9e5-4db3-8c9e-83a280916f5a');
INSERT INTO public.calendar_event_step_views (id, championship_slug, color, icon, name, type, venue_label, date_time, reference) VALUES ('2f9de80c-f81b-43c6-9cf3-11d506d86259', 'formula1', '#e00601', 'f1.svg', 'Lenovo French GP', 'Practice 1', 'Circuit Paul Ricard', '2022-07-22 12:00:00', '12ffe553-d809-411d-946c-4f1b87135c6e');
INSERT INTO public.calendar_event_step_views (id, championship_slug, color, icon, name, type, venue_label, date_time, reference) VALUES ('62680bd0-e1d4-410b-be4a-f871f5025f91', 'formula1', '#e00601', 'f1.svg', 'Lenovo French GP', 'Practice 2', 'Circuit Paul Ricard', '2022-07-22 15:00:00', '4b28bf74-78e2-4947-ab5b-e087ad85f45e');
INSERT INTO public.calendar_event_step_views (id, championship_slug, color, icon, name, type, venue_label, date_time, reference) VALUES ('d45ad2d0-8a4d-4f62-a946-2d364bea0047', 'formula1', '#e00601', 'f1.svg', 'Lenovo French GP', 'Practice 3', 'Circuit Paul Ricard', '2022-07-23 11:00:00', 'bf1251d3-f571-478e-8239-71631690a945');
INSERT INTO public.calendar_event_step_views (id, championship_slug, color, icon, name, type, venue_label, date_time, reference) VALUES ('759a6e22-4374-4493-b397-a24264fc2dbc', 'formula1', '#e00601', 'f1.svg', 'Lenovo French GP', 'Qualifying', 'Circuit Paul Ricard', '2022-07-23 14:00:00', '02b4cc72-9de0-4134-a04d-40a5d4503337');
INSERT INTO public.calendar_event_step_views (id, championship_slug, color, icon, name, type, venue_label, date_time, reference) VALUES ('1d1ee842-c1f5-4159-990e-9da0976f23c0', 'formula1', '#e00601', 'f1.svg', 'Lenovo French GP', 'Race', 'Circuit Paul Ricard', '2022-07-24 13:00:00', '89e06d9b-abd8-423e-aac7-f4e96fe07739');
INSERT INTO public.calendar_event_step_views (id, championship_slug, color, icon, name, type, venue_label, date_time, reference) VALUES ('e78138d7-0d4a-4b3a-9078-7f868da69df3', 'formula1', '#e00601', 'f1.svg', 'Aramco Hungarian GP', 'Practice 1', 'Hungaroring', '2022-07-29 12:00:00', '23cdf4be-5631-4cc2-80ab-29fd33252acb');
INSERT INTO public.calendar_event_step_views (id, championship_slug, color, icon, name, type, venue_label, date_time, reference) VALUES ('f8c24384-13da-4f88-a2f4-c70e1f2e5cd7', 'formula1', '#e00601', 'f1.svg', 'Aramco Hungarian GP', 'Practice 2', 'Hungaroring', '2022-07-29 15:00:00', 'd6383008-429d-4992-a0d8-177bd9fbcc25');
INSERT INTO public.calendar_event_step_views (id, championship_slug, color, icon, name, type, venue_label, date_time, reference) VALUES ('ce87e7b0-6b25-44ad-86f7-fef28f8e252c', 'formula1', '#e00601', 'f1.svg', 'Aramco Hungarian GP', 'Practice 3', 'Hungaroring', '2022-07-30 11:00:00', '98d581ba-7285-43c9-a039-2000a675b996');
INSERT INTO public.calendar_event_step_views (id, championship_slug, color, icon, name, type, venue_label, date_time, reference) VALUES ('7885abf8-0b7d-48d7-8906-dabc5f5c3a1a', 'formula1', '#e00601', 'f1.svg', 'Aramco Hungarian GP', 'Qualifying', 'Hungaroring', '2022-07-30 14:00:00', 'c4437881-ff19-4acf-9d70-f3746dd7a944');
INSERT INTO public.calendar_event_step_views (id, championship_slug, color, icon, name, type, venue_label, date_time, reference) VALUES ('56c9a249-3836-468c-9deb-6f6ddcf5ee6d', 'formula1', '#e00601', 'f1.svg', 'Aramco Hungarian GP', 'Race', 'Hungaroring', '2022-07-31 13:00:00', '7786220c-ffdd-41a1-b86c-b8f289028cc0');
INSERT INTO public.calendar_event_step_views (id, championship_slug, color, icon, name, type, venue_label, date_time, reference) VALUES ('e3333f7f-4c61-410d-a296-49f82af4e0f4', 'formula1', '#e00601', 'f1.svg', 'Rolex Belgian GP', 'Practice 1', 'Circuit de Spa Francorchamps', '2022-08-26 12:00:00', 'b1249f78-99dc-45e7-8902-42c88648e3af');
INSERT INTO public.calendar_event_step_views (id, championship_slug, color, icon, name, type, venue_label, date_time, reference) VALUES ('6cbc6430-970b-4cc9-bc66-27f04ec49a99', 'formula1', '#e00601', 'f1.svg', 'Rolex Belgian GP', 'Practice 2', 'Circuit de Spa Francorchamps', '2022-08-26 15:00:00', '3a46a851-e07e-47ce-8377-a7c04d85d416');
INSERT INTO public.calendar_event_step_views (id, championship_slug, color, icon, name, type, venue_label, date_time, reference) VALUES ('020ceb39-15a3-4df3-8e98-1103e5929b7b', 'formula1', '#e00601', 'f1.svg', 'Rolex Belgian GP', 'Practice 3', 'Circuit de Spa Francorchamps', '2022-08-27 11:00:00', '8a28823c-a440-496b-a07a-8d1c0f1f3eb4');
INSERT INTO public.calendar_event_step_views (id, championship_slug, color, icon, name, type, venue_label, date_time, reference) VALUES ('c06f25aa-bb39-405d-8b6b-2004adcc3f17', 'formula1', '#e00601', 'f1.svg', 'Rolex Belgian GP', 'Qualifying', 'Circuit de Spa Francorchamps', '2022-08-27 14:00:00', 'df50d9cc-92ab-46a5-9406-692675c7ed45');
INSERT INTO public.calendar_event_step_views (id, championship_slug, color, icon, name, type, venue_label, date_time, reference) VALUES ('6f117361-8142-4da1-9ef3-9e8e53a6a668', 'formula1', '#e00601', 'f1.svg', 'Rolex Belgian GP', 'Race', 'Circuit de Spa Francorchamps', '2022-08-28 13:00:00', 'd198694d-26d2-4d83-8df6-aa3ed81c478f');
INSERT INTO public.calendar_event_step_views (id, championship_slug, color, icon, name, type, venue_label, date_time, reference) VALUES ('30b2cfd5-a7e0-44a7-8cba-60b677f9b4cc', 'formula1', '#e00601', 'f1.svg', 'Heineken Dutch GP', 'Practice 1', 'Circuit Zandvoort', '2022-09-02 10:30:00', 'f343420c-55b4-4694-a78a-baecd0a7e91a');
INSERT INTO public.calendar_event_step_views (id, championship_slug, color, icon, name, type, venue_label, date_time, reference) VALUES ('570faa8e-9148-4895-8cb6-d26117160f1f', 'formula1', '#e00601', 'f1.svg', 'Heineken Dutch GP', 'Practice 2', 'Circuit Zandvoort', '2022-09-02 14:00:00', 'ce1b4779-050f-4b08-8c2d-59295be8f2cd');
INSERT INTO public.calendar_event_step_views (id, championship_slug, color, icon, name, type, venue_label, date_time, reference) VALUES ('6e88f63e-5870-41ac-b04f-f43d72a85f68', 'formula1', '#e00601', 'f1.svg', 'Heineken Dutch GP', 'Practice 3', 'Circuit Zandvoort', '2022-09-03 10:00:00', 'aca50e76-af81-4787-aa3c-176282c8bcbf');
INSERT INTO public.calendar_event_step_views (id, championship_slug, color, icon, name, type, venue_label, date_time, reference) VALUES ('8a0b073b-935d-4e41-9039-549d01cc1f13', 'formula1', '#e00601', 'f1.svg', 'Heineken Dutch GP', 'Qualifying', 'Circuit Zandvoort', '2022-09-03 13:00:00', '1532135e-00d2-4d62-94c4-8f473ff1e9c2');
INSERT INTO public.calendar_event_step_views (id, championship_slug, color, icon, name, type, venue_label, date_time, reference) VALUES ('9be2d5a2-889f-4538-a0d4-5de0784e63db', 'formula1', '#e00601', 'f1.svg', 'Heineken Dutch GP', 'Race', 'Circuit Zandvoort', '2022-09-04 13:00:00', 'b0cae2ba-cb8b-4a89-8973-93b8cbafe728');
INSERT INTO public.calendar_event_step_views (id, championship_slug, color, icon, name, type, venue_label, date_time, reference) VALUES ('a1c0b7bb-029b-465a-904a-0ce811beed22', 'formula1', '#e00601', 'f1.svg', 'Pirelli Italian GP', 'Practice 1', 'Autodromo Nazionale Monza', '2022-09-09 12:00:00', '1fbb07bb-29ad-4dee-82df-1142ab693df4');
INSERT INTO public.calendar_event_step_views (id, championship_slug, color, icon, name, type, venue_label, date_time, reference) VALUES ('df602bd3-fcfa-4bcb-a1c2-1f66e9d6e0f8', 'formula1', '#e00601', 'f1.svg', 'Pirelli Italian GP', 'Practice 2', 'Autodromo Nazionale Monza', '2022-09-09 15:00:00', '374ae7d0-12ff-4525-bf32-d14cd603da6b');
INSERT INTO public.calendar_event_step_views (id, championship_slug, color, icon, name, type, venue_label, date_time, reference) VALUES ('436bb38e-07fe-4e11-8bd6-4ad6b1ea6ca4', 'formula1', '#e00601', 'f1.svg', 'Pirelli Italian GP', 'Practice 3', 'Autodromo Nazionale Monza', '2022-09-10 11:00:00', '335e2158-073e-4243-a33e-6f109adb7ff7');
INSERT INTO public.calendar_event_step_views (id, championship_slug, color, icon, name, type, venue_label, date_time, reference) VALUES ('11207056-e5da-4b80-bf8b-e0c54ebd4c59', 'formula1', '#e00601', 'f1.svg', 'Pirelli Italian GP', 'Qualifying', 'Autodromo Nazionale Monza', '2022-09-10 14:00:00', 'e06f7484-7287-4cd6-a6b5-0b8946f87e8f');
INSERT INTO public.calendar_event_step_views (id, championship_slug, color, icon, name, type, venue_label, date_time, reference) VALUES ('ad66a183-1754-4e61-acd5-62eda02dd6b4', 'formula1', '#e00601', 'f1.svg', 'Pirelli Italian GP', 'Race', 'Autodromo Nazionale Monza', '2022-09-11 13:00:00', '8ca32f26-fe7a-4bad-941f-b403ea958642');
INSERT INTO public.calendar_event_step_views (id, championship_slug, color, icon, name, type, venue_label, date_time, reference) VALUES ('128e7efe-5a2e-496e-be2b-637880c31656', 'formula1', '#e00601', 'f1.svg', 'Singapore Air Singapore GP', 'Practice 1', 'Marina Bay Street Circuit', '2022-09-30 10:00:00', '655b9560-05d2-4e39-ab33-c343082c43ca');
INSERT INTO public.calendar_event_step_views (id, championship_slug, color, icon, name, type, venue_label, date_time, reference) VALUES ('0be698be-5bf2-4a38-9def-f2a24dc622fa', 'formula1', '#e00601', 'f1.svg', 'Singapore Air Singapore GP', 'Practice 2', 'Marina Bay Street Circuit', '2022-09-30 13:00:00', 'cf2a0778-853a-4fdb-b7e6-0fd8e2dd8079');
INSERT INTO public.calendar_event_step_views (id, championship_slug, color, icon, name, type, venue_label, date_time, reference) VALUES ('10a3e097-848d-4889-9453-7af77d87be87', 'formula1', '#e00601', 'f1.svg', 'Singapore Air Singapore GP', 'Practice 3', 'Marina Bay Street Circuit', '2022-10-01 10:00:00', '103fce01-dbd5-4cc1-b847-e61bf1c7fa2e');
INSERT INTO public.calendar_event_step_views (id, championship_slug, color, icon, name, type, venue_label, date_time, reference) VALUES ('fda0880e-9f73-46b8-b8ab-984197625c2c', 'formula1', '#e00601', 'f1.svg', 'Singapore Air Singapore GP', 'Qualifying', 'Marina Bay Street Circuit', '2022-10-01 13:00:00', '906f9587-2270-4a2d-a832-39720aaea23a');
INSERT INTO public.calendar_event_step_views (id, championship_slug, color, icon, name, type, venue_label, date_time, reference) VALUES ('e6462e06-d407-466b-8bae-2249b8b5a216', 'formula1', '#e00601', 'f1.svg', 'Singapore Air Singapore GP', 'Race', 'Marina Bay Street Circuit', '2022-10-02 12:00:00', '84636143-56dd-45dc-80bd-eb4f08cd2694');
INSERT INTO public.calendar_event_step_views (id, championship_slug, color, icon, name, type, venue_label, date_time, reference) VALUES ('d6f56612-38c9-4733-b135-6a41866866a3', 'formula1', '#e00601', 'f1.svg', 'Honda Japanese GP', 'Practice 1', 'Suzuka International Racing Course', '2022-10-07 03:00:00', '677b26b3-5490-47c5-8ac3-4ec94ccf0a15');
INSERT INTO public.calendar_event_step_views (id, championship_slug, color, icon, name, type, venue_label, date_time, reference) VALUES ('a310c8b5-c576-4196-97d6-f489cfaa64dd', 'formula1', '#e00601', 'f1.svg', 'Honda Japanese GP', 'Practice 2', 'Suzuka International Racing Course', '2022-10-07 06:00:00', '9f96c34a-d8e4-43ed-9e90-fa484c61362e');
INSERT INTO public.calendar_event_step_views (id, championship_slug, color, icon, name, type, venue_label, date_time, reference) VALUES ('26539ebb-036e-4547-9390-d9a6c9dec8b9', 'formula1', '#e00601', 'f1.svg', 'Honda Japanese GP', 'Practice 3', 'Suzuka International Racing Course', '2022-10-08 03:00:00', '9f3f5572-6054-4609-a0d4-3da086d39add');
INSERT INTO public.calendar_event_step_views (id, championship_slug, color, icon, name, type, venue_label, date_time, reference) VALUES ('fda2d8d5-6573-4ae9-8ee0-a8237e25cf8a', 'formula1', '#e00601', 'f1.svg', 'Honda Japanese GP', 'Qualifying', 'Suzuka International Racing Course', '2022-10-08 06:00:00', 'c22ef212-bc2a-47c5-a24c-7c656c346297');
INSERT INTO public.calendar_event_step_views (id, championship_slug, color, icon, name, type, venue_label, date_time, reference) VALUES ('6f2507ef-07bf-4677-ba16-e8ea2e7d1571', 'formula1', '#e00601', 'f1.svg', 'Honda Japanese GP', 'Race', 'Suzuka International Racing Course', '2022-10-09 05:00:00', '94df2b80-7a55-42e1-aa42-f8cf8b6c7cb7');
INSERT INTO public.calendar_event_step_views (id, championship_slug, color, icon, name, type, venue_label, date_time, reference) VALUES ('a33d5bd0-1a0d-47e6-9eb9-7a3c5962069a', 'formula1', '#e00601', 'f1.svg', 'Aramco United States GP', 'Practice 3', 'Circuit of the Americas', '2022-10-22 19:00:00', 'b32a150f-3be6-4cf3-9f6f-d5c634925830');
INSERT INTO public.calendar_event_step_views (id, championship_slug, color, icon, name, type, venue_label, date_time, reference) VALUES ('6cda6a37-a25e-4571-a2a9-b073bdcc75d3', 'formula1', '#e00601', 'f1.svg', 'Aramco United States GP', 'Qualifying', 'Circuit of the Americas', '2022-10-22 22:00:00', '81c0dcc5-0c66-4bbe-96c4-21e379a07935');
INSERT INTO public.calendar_event_step_views (id, championship_slug, color, icon, name, type, venue_label, date_time, reference) VALUES ('85e436f9-edf4-4523-97c0-7e62a5ae0aa3', 'formula1', '#e00601', 'f1.svg', 'Aramco United States GP', 'Race', 'Circuit of the Americas', '2022-10-23 19:00:00', '143b8039-53d9-443e-9fe7-0821253bd841');
INSERT INTO public.calendar_event_step_views (id, championship_slug, color, icon, name, type, venue_label, date_time, reference) VALUES ('751b5784-e316-4c17-977d-0f85cf27ccc9', 'formula1', '#e00601', 'f1.svg', 'Aramco United States GP', 'Practice 1', 'Circuit of the Americas', '2022-10-21 19:00:00', '86696623-af33-41b1-8640-cce56af165de');
INSERT INTO public.calendar_event_step_views (id, championship_slug, color, icon, name, type, venue_label, date_time, reference) VALUES ('50423228-a60d-4bc8-b49e-d389171b451e', 'formula1', '#e00601', 'f1.svg', 'Aramco United States GP', 'Practice 2', 'Circuit of the Americas', '2022-10-21 22:00:00', '295e284e-bdb3-4802-bd5c-3845686ad1d5');
INSERT INTO public.calendar_event_step_views (id, championship_slug, color, icon, name, type, venue_label, date_time, reference) VALUES ('15738513-bbf0-4834-8e1b-2d78fc5bbae2', 'formula1', '#e00601', 'f1.svg', 'Mexico GP', 'Practice 1', 'Autodromo Hermanos Rodriguez', '2022-10-28 18:00:00', 'a2152f47-0665-4922-9d1d-1dd6ddffeba1');
INSERT INTO public.calendar_event_step_views (id, championship_slug, color, icon, name, type, venue_label, date_time, reference) VALUES ('d0a925fe-67c4-40c1-a250-9f5d4edbcea4', 'formula1', '#e00601', 'f1.svg', 'Mexico GP', 'Practice 2', 'Autodromo Hermanos Rodriguez', '2022-10-28 21:00:00', 'e124a4cb-f9a3-4f46-a3ff-15cd537447a7');
INSERT INTO public.calendar_event_step_views (id, championship_slug, color, icon, name, type, venue_label, date_time, reference) VALUES ('437ff38d-04a8-44de-a17b-a92693bb7e85', 'formula1', '#e00601', 'f1.svg', 'Mexico GP', 'Practice 3', 'Autodromo Hermanos Rodriguez', '2022-10-29 17:00:00', '1aaac26f-5622-4b95-a8ca-f3c50e888748');
INSERT INTO public.calendar_event_step_views (id, championship_slug, color, icon, name, type, venue_label, date_time, reference) VALUES ('c1b11e1d-d232-4d6d-ad24-281e453f8042', 'formula1', '#e00601', 'f1.svg', 'Mexico GP', 'Qualifying', 'Autodromo Hermanos Rodriguez', '2022-10-29 20:00:00', '36037f01-d98c-476e-97b4-c78518c7122a');
INSERT INTO public.calendar_event_step_views (id, championship_slug, color, icon, name, type, venue_label, date_time, reference) VALUES ('70224506-b0ac-4e02-bbb8-60e0f4b997ad', 'formula1', '#e00601', 'f1.svg', 'Gulf Air Bahrain Grand Prix', 'Practice 1', 'Bahrain International Circuit', '2022-03-18 12:00:00', '4e1fbe33-4680-48ad-81d7-264d437bce19');
INSERT INTO public.calendar_event_step_views (id, championship_slug, color, icon, name, type, venue_label, date_time, reference) VALUES ('b6a25102-5871-49d9-8f33-0ae1f412ef12', 'formula1', '#e00601', 'f1.svg', 'Gulf Air Bahrain Grand Prix', 'Practice 2', 'Bahrain International Circuit', '2022-03-18 15:00:00', '87e39c11-e094-40e7-8ccd-487a04ed4864');
INSERT INTO public.calendar_event_step_views (id, championship_slug, color, icon, name, type, venue_label, date_time, reference) VALUES ('28cbdd93-c0c7-41e9-b7ee-278aba3b3642', 'formula1', '#e00601', 'f1.svg', 'Gulf Air Bahrain Grand Prix', 'Practice 3', 'Bahrain International Circuit', '2022-03-19 12:00:00', '727ce9cc-6792-4133-a3c3-bf3d3dcb2481');
INSERT INTO public.calendar_event_step_views (id, championship_slug, color, icon, name, type, venue_label, date_time, reference) VALUES ('8c09df3f-f412-4e6b-9095-a756996de54b', 'formula1', '#e00601', 'f1.svg', 'Gulf Air Bahrain Grand Prix', 'Qualifying', 'Bahrain International Circuit', '2022-03-19 15:00:00', '5d9e5f7b-e9d1-49ba-950d-a702e367f718');
INSERT INTO public.calendar_event_step_views (id, championship_slug, color, icon, name, type, venue_label, date_time, reference) VALUES ('f26ae943-bb4d-4670-a3e1-2b3564470a7a', 'formula1', '#e00601', 'f1.svg', 'Gulf Air Bahrain Grand Prix', 'Race', 'Bahrain International Circuit', '2022-03-20 15:00:00', '335e83b4-82ec-4a83-b0ad-5e986fa70fb6');
INSERT INTO public.calendar_event_step_views (id, championship_slug, color, icon, name, type, venue_label, date_time, reference) VALUES ('4c2c97ad-048a-41ac-a7ad-d281e9e2bb4b', 'formula1', '#e00601', 'f1.svg', 'STC Saudi Arabian GP', 'Practice 1', 'Jeddah Street Circuit', '2022-03-25 14:00:00', '7408697f-df4a-43f0-824a-97df3a61f4c0');
INSERT INTO public.calendar_event_step_views (id, championship_slug, color, icon, name, type, venue_label, date_time, reference) VALUES ('c308d4d2-76e8-4ab7-a2e1-666d370049e8', 'formula1', '#e00601', 'f1.svg', 'STC Saudi Arabian GP', 'Practice 2', 'Jeddah Street Circuit', '2022-03-25 17:00:00', '86438d95-728a-4885-b6c9-7d1ba7dffe1d');
INSERT INTO public.calendar_event_step_views (id, championship_slug, color, icon, name, type, venue_label, date_time, reference) VALUES ('66930745-3cee-4524-ad91-854d1fe1384d', 'formula1', '#e00601', 'f1.svg', 'STC Saudi Arabian GP', 'Practice 3', 'Jeddah Street Circuit', '2022-03-26 14:00:00', 'ee73fc10-a441-4617-b0c5-5f3a22dd6eb6');
INSERT INTO public.calendar_event_step_views (id, championship_slug, color, icon, name, type, venue_label, date_time, reference) VALUES ('974ef791-7575-4563-b6b2-c12be0884650', 'formula1', '#e00601', 'f1.svg', 'STC Saudi Arabian GP', 'Qualifying', 'Jeddah Street Circuit', '2022-03-26 17:00:00', '15b4688c-1d11-41b3-bfa2-d1814a6eeb77');
INSERT INTO public.calendar_event_step_views (id, championship_slug, color, icon, name, type, venue_label, date_time, reference) VALUES ('4b57e233-5a65-46cd-90ca-28a23c9eb9a8', 'formula1', '#e00601', 'f1.svg', 'STC Saudi Arabian GP', 'Race', 'Jeddah Street Circuit', '2022-03-27 17:00:00', '66ce89ce-6150-4db7-928e-80e7dccfdb87');
INSERT INTO public.calendar_event_step_views (id, championship_slug, color, icon, name, type, venue_label, date_time, reference) VALUES ('e73bce5a-f972-4a89-b635-6e79abea8b95', 'formula1', '#e00601', 'f1.svg', 'Heineken Australian GP', 'Practice 2', 'Melbourne Grand Prix Circuit', '2022-04-08 06:00:00', '0775b751-252c-48ec-be72-0f8b46b32e2f');
INSERT INTO public.calendar_event_step_views (id, championship_slug, color, icon, name, type, venue_label, date_time, reference) VALUES ('592163fd-ee2a-4f25-8fa9-92bd2ed5f87c', 'formula1', '#e00601', 'f1.svg', 'Azerbaijan GP', 'Qualifying', 'Baku City Circuit', '2022-06-11 14:00:00', 'ff84931d-95b4-4d31-943f-497afa69ce23');
INSERT INTO public.calendar_event_step_views (id, championship_slug, color, icon, name, type, venue_label, date_time, reference) VALUES ('18b8a1c0-abdc-443d-a518-38b4b37db6f9', 'formula1', '#e00601', 'f1.svg', 'Heineken Australian GP', 'Practice 1', 'Melbourne Grand Prix Circuit', '2022-04-08 03:00:00', 'c3f0274c-ba39-4884-a93d-186979bf134a');
INSERT INTO public.calendar_event_step_views (id, championship_slug, color, icon, name, type, venue_label, date_time, reference) VALUES ('45cc369b-3dde-410d-8fe6-2b0dbf5351d9', 'formula1', '#e00601', 'f1.svg', 'Heineken Australian GP', 'Practice 3', 'Melbourne Grand Prix Circuit', '2022-04-09 03:00:00', 'caefc3b3-f622-44c1-beaf-9c267406f372');
INSERT INTO public.calendar_event_step_views (id, championship_slug, color, icon, name, type, venue_label, date_time, reference) VALUES ('9987badd-9a41-4b85-acf6-93940f8d9719', 'formula1', '#e00601', 'f1.svg', 'Heineken Australian GP', 'Qualifying', 'Melbourne Grand Prix Circuit', '2022-04-09 06:00:00', '2b461fad-ce83-4bf6-8f3f-f74241ecaf84');
INSERT INTO public.calendar_event_step_views (id, championship_slug, color, icon, name, type, venue_label, date_time, reference) VALUES ('834c0abb-66b5-4dcd-a799-a2f98032953f', 'formula1', '#e00601', 'f1.svg', 'Mexico GP', 'Race', 'Autodromo Hermanos Rodriguez', '2022-10-30 20:00:00', 'fdc57e37-65e8-4475-a354-6fc83db52de7');
INSERT INTO public.calendar_event_step_views (id, championship_slug, color, icon, name, type, venue_label, date_time, reference) VALUES ('3a64196b-a998-4581-b2c9-d6427bdc7888', 'formula1', '#e00601', 'f1.svg', 'Heineken Brazil GP', 'Practice 1', 'Autódromo José Carlos Pace', '2022-11-11 15:30:00', 'e8ad2439-7e33-4d6d-935c-2333683b6550');
INSERT INTO public.calendar_event_step_views (id, championship_slug, color, icon, name, type, venue_label, date_time, reference) VALUES ('ee25f52a-28c5-4059-8003-d7172688f798', 'formula1', '#e00601', 'f1.svg', 'Heineken Brazil GP', 'Qualifying', 'Autódromo José Carlos Pace', '2022-11-11 19:00:00', '904302d8-94b7-4a0b-905c-00fefc028e29');
INSERT INTO public.calendar_event_step_views (id, championship_slug, color, icon, name, type, venue_label, date_time, reference) VALUES ('e8bd5940-e2df-43a9-ace6-915e396977d7', 'formula1', '#e00601', 'f1.svg', 'Heineken Brazil GP', 'Practice 2', 'Autódromo José Carlos Pace', '2022-11-12 15:30:00', '6acaf51c-cbff-49ba-8391-1b8429e881c8');
INSERT INTO public.calendar_event_step_views (id, championship_slug, color, icon, name, type, venue_label, date_time, reference) VALUES ('1a5a2256-6289-4173-82ad-3eefc94d301f', 'formula1', '#e00601', 'f1.svg', 'Heineken Brazil GP', 'Sprint Qualifying', 'Autódromo José Carlos Pace', '2022-11-12 19:30:00', 'cd34909c-cd6f-4c08-9075-9abfb3253931');
INSERT INTO public.calendar_event_step_views (id, championship_slug, color, icon, name, type, venue_label, date_time, reference) VALUES ('b26f91d7-8091-4fa9-b112-24adf6e1c748', 'formula1', '#e00601', 'f1.svg', 'Heineken Brazil GP', 'Race', 'Autódromo José Carlos Pace', '2022-11-13 18:00:00', '423b3b12-f4b5-47d5-ab10-178e478421c4');
INSERT INTO public.calendar_event_step_views (id, championship_slug, color, icon, name, type, venue_label, date_time, reference) VALUES ('c3453068-29b4-48ab-a4c1-6764c13ba9e3', 'formula1', '#e00601', 'f1.svg', 'Etihad Airways Abu Dhabi GP', 'Practice 1', 'Yas Marina Circuit', '2022-11-18 10:00:00', 'bedaccfa-0a35-4564-8770-7c63bd427c89');
INSERT INTO public.calendar_event_step_views (id, championship_slug, color, icon, name, type, venue_label, date_time, reference) VALUES ('4a9b1006-727b-4b69-a902-37460e69e7cc', 'formula1', '#e00601', 'f1.svg', 'Etihad Airways Abu Dhabi GP', 'Practice 2', 'Yas Marina Circuit', '2022-11-18 13:00:00', '61f05848-a868-4353-af4f-152859914a8e');
INSERT INTO public.calendar_event_step_views (id, championship_slug, color, icon, name, type, venue_label, date_time, reference) VALUES ('4286402a-8f7a-4fbe-97e3-0be635705a53', 'formula1', '#e00601', 'f1.svg', 'Etihad Airways Abu Dhabi GP', 'Practice 3', 'Yas Marina Circuit', '2022-11-19 10:30:00', '2f999c42-e3f7-4f51-b6b1-83e2d850181f');
INSERT INTO public.calendar_event_step_views (id, championship_slug, color, icon, name, type, venue_label, date_time, reference) VALUES ('a5c8f9a6-b279-4bc3-946f-ffa1cd3704a7', 'formula1', '#e00601', 'f1.svg', 'Etihad Airways Abu Dhabi GP', 'Qualifying', 'Yas Marina Circuit', '2022-11-19 13:00:00', 'acdc2598-3b6a-4ae9-aacd-6e185fe3ae8f');
INSERT INTO public.calendar_event_step_views (id, championship_slug, color, icon, name, type, venue_label, date_time, reference) VALUES ('13f8c6fb-b23e-48a2-bb5a-aad4b0d3b165', 'formula1', '#e00601', 'f1.svg', 'Etihad Airways Abu Dhabi GP', 'Race', 'Yas Marina Circuit', '2022-11-20 12:00:00', '97db111b-44f7-4093-9ed3-267606ec704f');
INSERT INTO public.calendar_event_step_views (id, championship_slug, color, icon, name, type, venue_label, date_time, reference) VALUES ('f463656b-d452-4a53-bc18-073189418021', 'formula1', '#e00601', 'f1.svg', 'Aramco Pre-Season Testing', 'Testing Day 3', 'Bahrain International Circuit', '2023-02-25 07:00:00', 'ffa2f5a2-0b36-49c9-b502-532b1cc55bcb');
INSERT INTO public.calendar_event_step_views (id, championship_slug, color, icon, name, type, venue_label, date_time, reference) VALUES ('6289bff0-c32d-46da-a205-5edc9017838e', 'formula1', '#e00601', 'f1.svg', 'Aramco Pre-Season Testing', 'Testing Day 1', 'Bahrain International Circuit', '2023-02-23 07:00:00', 'b47b6fde-bdcf-41c1-bb3d-26ccc31d08dc');
INSERT INTO public.calendar_event_step_views (id, championship_slug, color, icon, name, type, venue_label, date_time, reference) VALUES ('ab42b8cc-0f63-4c66-8f17-7e42fa406428', 'formula1', '#e00601', 'f1.svg', 'Aramco Pre-Season Testing', 'Testing Day 2', 'Bahrain International Circuit', '2023-02-24 07:00:00', 'ff69e800-4f10-490f-9d78-82e08581e02a');
INSERT INTO public.calendar_event_step_views (id, championship_slug, color, icon, name, type, venue_label, date_time, reference) VALUES ('bf82170e-f628-498d-9b79-355a11e3b134', 'formula1', '#e00601', 'f1.svg', 'Gulf Bahrain GP', 'Practice 1', 'Bahrain International Circuit', '2023-03-03 11:30:00', '8136d4fc-7af9-4dd4-a6bb-773b74032382');
INSERT INTO public.calendar_event_step_views (id, championship_slug, color, icon, name, type, venue_label, date_time, reference) VALUES ('e0dc97b1-5d53-4a9f-8ca9-3b02c4243aee', 'formula1', '#e00601', 'f1.svg', 'Gulf Bahrain GP', 'Practice 2', 'Bahrain International Circuit', '2023-03-03 15:00:00', 'da9118a7-6d9e-4c2a-a544-208569f9b4ff');
INSERT INTO public.calendar_event_step_views (id, championship_slug, color, icon, name, type, venue_label, date_time, reference) VALUES ('be8870f4-5e11-4518-9571-3efd5d39d087', 'formula1', '#e00601', 'f1.svg', 'Gulf Bahrain GP', 'Race', 'Bahrain International Circuit', '2023-03-05 15:00:00', 'd54f7e26-aa37-4636-9abd-495c78b52b73');
INSERT INTO public.calendar_event_step_views (id, championship_slug, color, icon, name, type, venue_label, date_time, reference) VALUES ('3719c566-cb31-47ed-a5a3-e6d52a643a56', 'formula1', '#e00601', 'f1.svg', 'Gulf Bahrain GP', 'Qualifying', 'Bahrain International Circuit', '2023-03-04 15:00:00', '8d5b2330-150c-42ab-9242-d4f5e394d946');
INSERT INTO public.calendar_event_step_views (id, championship_slug, color, icon, name, type, venue_label, date_time, reference) VALUES ('a6741801-2a72-4eab-b9f9-7744b3656912', 'formula1', '#e00601', 'f1.svg', 'Gulf Bahrain GP', 'Practice 3', 'Bahrain International Circuit', '2023-03-04 11:30:00', 'f1bfdd30-47c4-4995-b350-b529e8dfc688');
INSERT INTO public.calendar_event_step_views (id, championship_slug, color, icon, name, type, venue_label, date_time, reference) VALUES ('1fbe9c20-53fd-4970-a622-778e75eaf6e4', 'formula1', '#e00601', 'f1.svg', 'STC Saudi Arabian GP', 'Practice 1', 'Jeddah Street Circuit', '2023-03-17 13:30:00', 'b33d9c94-3ed0-4913-a2b1-526fb356012c');
INSERT INTO public.calendar_event_step_views (id, championship_slug, color, icon, name, type, venue_label, date_time, reference) VALUES ('2b15e208-e9d7-47ad-9667-ff9f26ee9de1', 'formula1', '#e00601', 'f1.svg', 'STC Saudi Arabian GP', 'Practice 2', 'Jeddah Street Circuit', '2023-03-17 17:00:00', 'cdb9aa3f-a957-4dcd-942e-2dcfd5b86dfb');
INSERT INTO public.calendar_event_step_views (id, championship_slug, color, icon, name, type, venue_label, date_time, reference) VALUES ('8080f1f3-5da8-4a9b-aea1-92a82949ccd7', 'formula1', '#e00601', 'f1.svg', 'STC Saudi Arabian GP', 'Practice 3', 'Jeddah Street Circuit', '2023-03-18 13:30:00', '1dd4d848-bf0f-4693-9309-685106a47b5b');
INSERT INTO public.calendar_event_step_views (id, championship_slug, color, icon, name, type, venue_label, date_time, reference) VALUES ('708eecff-811b-43af-9675-90fb4c32a32e', 'formula1', '#e00601', 'f1.svg', 'STC Saudi Arabian GP', 'Qualifying', 'Jeddah Street Circuit', '2023-03-18 17:00:00', 'b46e2e64-fe5a-4f6e-b07b-200678d84477');
INSERT INTO public.calendar_event_step_views (id, championship_slug, color, icon, name, type, venue_label, date_time, reference) VALUES ('9c3180d7-72f2-4e4c-8b6e-cd07a7dae339', 'formula1', '#e00601', 'f1.svg', 'STC Saudi Arabian GP', 'Race', 'Jeddah Street Circuit', '2023-03-19 17:00:00', '64ff06eb-75f0-4c24-8cc6-76e6d465a047');
INSERT INTO public.calendar_event_step_views (id, championship_slug, color, icon, name, type, venue_label, date_time, reference) VALUES ('70fd413c-aae1-4c0b-8530-96f5379afc79', 'formula1', '#e00601', 'f1.svg', 'Rolex Australian GP', 'Practice 1', 'Melbourne Grand Prix Circuit', '2023-03-31 02:30:00', '4814bb65-dc38-4164-9e12-869e3173cd19');
INSERT INTO public.calendar_event_step_views (id, championship_slug, color, icon, name, type, venue_label, date_time, reference) VALUES ('89dfbfa1-c972-4ab1-bdf5-55b500a80a93', 'formula1', '#e00601', 'f1.svg', 'Rolex Australian GP', 'Practice 2', 'Melbourne Grand Prix Circuit', '2023-03-31 06:00:00', 'dbead309-199c-4f26-96a8-2cd04c3340b7');
INSERT INTO public.calendar_event_step_views (id, championship_slug, color, icon, name, type, venue_label, date_time, reference) VALUES ('bedeb362-f5dc-4906-94b1-2d25fc3fdd0f', 'formula1', '#e00601', 'f1.svg', 'Rolex Australian GP', 'Practice 3', 'Melbourne Grand Prix Circuit', '2023-04-01 02:30:00', '19c4fc0d-ee49-45df-8f58-c4c652fc443d');
INSERT INTO public.calendar_event_step_views (id, championship_slug, color, icon, name, type, venue_label, date_time, reference) VALUES ('cc6aeef0-1350-42d4-bc75-84f36fcce81c', 'formula1', '#e00601', 'f1.svg', 'Rolex Australian GP', 'Qualifying', 'Melbourne Grand Prix Circuit', '2023-04-01 06:00:00', 'bd4eb8c0-a69f-42c3-8f8d-d3910bc46a81');
INSERT INTO public.calendar_event_step_views (id, championship_slug, color, icon, name, type, venue_label, date_time, reference) VALUES ('94029944-e795-49d9-aa95-638131bc36d4', 'formula1', '#e00601', 'f1.svg', 'Rolex Australian GP', 'Race', 'Melbourne Grand Prix Circuit', '2023-04-02 06:00:00', 'c6b50cc3-e9e0-491c-aec5-ed3aa332de5e');
INSERT INTO public.calendar_event_step_views (id, championship_slug, color, icon, name, type, venue_label, date_time, reference) VALUES ('b9937946-4213-4001-a7f3-d2bd5be1aa2f', 'formula1', '#e00601', 'f1.svg', 'Crypto.com Miami GP', 'Practice 1', 'Miami International Autodrome', '2023-05-05 19:30:00', '629bba3b-9204-472b-824e-de9eb6f8800b');
INSERT INTO public.calendar_event_step_views (id, championship_slug, color, icon, name, type, venue_label, date_time, reference) VALUES ('31253735-14dd-4159-8cb7-88115345265b', 'formula1', '#e00601', 'f1.svg', 'Crypto.com Miami GP', 'Practice 2', 'Miami International Autodrome', '2023-05-05 23:00:00', 'ba94ff69-d64f-4dd4-ab6a-293d0a09ceeb');
INSERT INTO public.calendar_event_step_views (id, championship_slug, color, icon, name, type, venue_label, date_time, reference) VALUES ('0807c65e-590b-4191-87a7-e5e3427a9c0f', 'formula1', '#e00601', 'f1.svg', 'Crypto.com Miami GP', 'Practice 3', 'Miami International Autodrome', '2023-05-06 17:30:00', '8d3b0f57-a09d-4fd0-a9de-f34caa4ef78e');
INSERT INTO public.calendar_event_step_views (id, championship_slug, color, icon, name, type, venue_label, date_time, reference) VALUES ('716b2847-aaaa-44fe-9692-b3a834e046e7', 'formula1', '#e00601', 'f1.svg', 'Crypto.com Miami GP', 'Qualifying', 'Miami International Autodrome', '2023-05-06 21:00:00', 'd923fe46-d893-4e58-ade4-d985dc394518');
INSERT INTO public.calendar_event_step_views (id, championship_slug, color, icon, name, type, venue_label, date_time, reference) VALUES ('7ce56831-51cd-4525-b5b1-90d900ae599b', 'formula1', '#e00601', 'f1.svg', 'Crypto.com Miami GP', 'Race', 'Miami International Autodrome', '2023-05-07 20:30:00', '38591453-17c5-47f3-86c7-b5e8b8560dac');
INSERT INTO public.calendar_event_step_views (id, championship_slug, color, icon, name, type, venue_label, date_time, reference) VALUES ('642da489-46ff-475e-b8b5-c5868949dddb', 'formula1', '#e00601', 'f1.svg', 'Emilia Romagna GP', 'Practice 1', 'Autodromo Internazionale Enzo e Dino Ferrari', '2023-05-19 12:30:00', '005aff5c-bb86-41f6-87fb-de1226e3566d');
INSERT INTO public.calendar_event_step_views (id, championship_slug, color, icon, name, type, venue_label, date_time, reference) VALUES ('8b334943-2b6f-4947-bd18-d39f59f2eb08', 'formula1', '#e00601', 'f1.svg', 'Emilia Romagna GP', 'Practice 2', 'Autodromo Internazionale Enzo e Dino Ferrari', '2023-05-19 16:00:00', '1e61f76c-2b7e-45e4-a64b-9e0838bd4416');
INSERT INTO public.calendar_event_step_views (id, championship_slug, color, icon, name, type, venue_label, date_time, reference) VALUES ('d308f753-9443-4d55-b7f1-7de975aebc77', 'formula1', '#e00601', 'f1.svg', 'Emilia Romagna GP', 'Practice 3', 'Autodromo Internazionale Enzo e Dino Ferrari', '2023-05-20 11:30:00', 'ac311e16-c7c3-40f5-8a3c-a258e2b9e24d');
INSERT INTO public.calendar_event_step_views (id, championship_slug, color, icon, name, type, venue_label, date_time, reference) VALUES ('af328250-8ecb-45b4-80cf-fefc7a522d1d', 'formula1', '#e00601', 'f1.svg', 'Emilia Romagna GP', 'Qualifying', 'Autodromo Internazionale Enzo e Dino Ferrari', '2023-05-20 15:00:00', '01d920d1-169d-47c0-bed2-eefc9c64189f');
INSERT INTO public.calendar_event_step_views (id, championship_slug, color, icon, name, type, venue_label, date_time, reference) VALUES ('0f98c149-f19c-458e-bf99-7a44e88069b8', 'formula1', '#e00601', 'f1.svg', 'Emilia Romagna GP', 'Race', 'Autodromo Internazionale Enzo e Dino Ferrari', '2023-05-21 14:00:00', '71fad8be-63e5-4784-9ee3-4d954d22268d');
INSERT INTO public.calendar_event_step_views (id, championship_slug, color, icon, name, type, venue_label, date_time, reference) VALUES ('3f864855-4297-4a31-8a35-b893acdaa09d', 'formula1', '#e00601', 'f1.svg', 'Grand Prix de Monaco', 'Practice 1', 'Circuit de Monaco', '2023-05-26 12:30:00', 'ebaaa83e-d8ed-4f36-846e-ecf0b481e109');
INSERT INTO public.calendar_event_step_views (id, championship_slug, color, icon, name, type, venue_label, date_time, reference) VALUES ('179444a9-1b41-4ec1-b318-96171fef3005', 'formula1', '#e00601', 'f1.svg', 'Grand Prix de Monaco', 'Practice 2', 'Circuit de Monaco', '2023-05-26 16:00:00', 'b6586b28-0405-4c7b-ab9b-922d8f28b4d4');
INSERT INTO public.calendar_event_step_views (id, championship_slug, color, icon, name, type, venue_label, date_time, reference) VALUES ('003ae7f4-894c-4cc4-be43-cebd98bfd9a1', 'formula1', '#e00601', 'f1.svg', 'Grand Prix de Monaco', 'Practice 3', 'Circuit de Monaco', '2023-05-27 11:30:00', '1ba1607a-82eb-4aa2-8171-ab56b9b90584');
INSERT INTO public.calendar_event_step_views (id, championship_slug, color, icon, name, type, venue_label, date_time, reference) VALUES ('f95d6943-30b7-4e85-83a3-345549eeefbf', 'formula1', '#e00601', 'f1.svg', 'Grand Prix de Monaco', 'Qualifying', 'Circuit de Monaco', '2023-05-27 15:00:00', '3ce422dc-8572-48b3-83fc-bff0c595e893');
INSERT INTO public.calendar_event_step_views (id, championship_slug, color, icon, name, type, venue_label, date_time, reference) VALUES ('f1487b95-70cd-4da1-bf2c-21602d899989', 'formula1', '#e00601', 'f1.svg', 'Grand Prix de Monaco', 'Race', 'Circuit de Monaco', '2023-05-28 14:00:00', 'f7aa0d4d-9cf8-44b2-a709-5ce380c8138b');
INSERT INTO public.calendar_event_step_views (id, championship_slug, color, icon, name, type, venue_label, date_time, reference) VALUES ('199dc2f0-5fb0-4010-8f34-696bc85d67e1', 'formula1', '#e00601', 'f1.svg', 'AWS Gran Premio de España', 'Practice 1', 'Circuit de Barcelona-Catalunya', '2023-06-02 12:30:00', '4ac98a27-b551-4840-b7c8-07d5c3f292d6');
INSERT INTO public.calendar_event_step_views (id, championship_slug, color, icon, name, type, venue_label, date_time, reference) VALUES ('c79c3789-8220-4b04-9969-2ca86800f30a', 'formula1', '#e00601', 'f1.svg', 'AWS Gran Premio de España', 'Practice 2', 'Circuit de Barcelona-Catalunya', '2023-06-02 16:00:00', 'f266d579-1bcf-4925-9a48-3923dbc3bb21');
INSERT INTO public.calendar_event_step_views (id, championship_slug, color, icon, name, type, venue_label, date_time, reference) VALUES ('2beb7839-c677-4a52-b7ed-ec7150e0c1ef', 'formula1', '#e00601', 'f1.svg', 'AWS Gran Premio de España', 'Practice 3', 'Circuit de Barcelona-Catalunya', '2023-06-03 11:30:00', '8cbc9805-664c-46ba-b190-a550426372d0');
INSERT INTO public.calendar_event_step_views (id, championship_slug, color, icon, name, type, venue_label, date_time, reference) VALUES ('2399a009-f568-46b6-868d-1e3aa25bb37f', 'formula1', '#e00601', 'f1.svg', 'AWS Gran Premio de España', 'Qualifying', 'Circuit de Barcelona-Catalunya', '2023-06-03 15:00:00', '8fb3a85d-d4b5-45fe-8323-e36d2056d913');
INSERT INTO public.calendar_event_step_views (id, championship_slug, color, icon, name, type, venue_label, date_time, reference) VALUES ('d4161747-9b31-45c2-a0c7-ba007ad4173f', 'formula1', '#e00601', 'f1.svg', 'AWS Gran Premio de España', 'Race', 'Circuit de Barcelona-Catalunya', '2023-06-04 14:00:00', 'fdcb53cb-24ef-4ad0-a421-f2d4a679003a');
INSERT INTO public.calendar_event_step_views (id, championship_slug, color, icon, name, type, venue_label, date_time, reference) VALUES ('e96ef156-c031-420c-a2ff-d330af065a48', 'formula1', '#e00601', 'f1.svg', 'Pirelli Grand Prix du Canada', 'Practice 1', 'Circuit Gilles-Villeneuve', '2023-06-16 18:30:00', 'fcbd3e80-e749-48f9-b116-503928472f5b');
INSERT INTO public.calendar_event_step_views (id, championship_slug, color, icon, name, type, venue_label, date_time, reference) VALUES ('0477bebd-34a7-4262-aaee-f65cd1539d8a', 'formula1', '#e00601', 'f1.svg', 'Pirelli Grand Prix du Canada', 'Practice 2', 'Circuit Gilles-Villeneuve', '2023-06-16 22:00:00', '03dd337d-94aa-4506-8eff-e877724c001c');
INSERT INTO public.calendar_event_step_views (id, championship_slug, color, icon, name, type, venue_label, date_time, reference) VALUES ('038bd8d8-c2e1-4459-9d2e-66b2aa346eee', 'formula1', '#e00601', 'f1.svg', 'Pirelli Grand Prix du Canada', 'Practice 3', 'Circuit Gilles-Villeneuve', '2023-06-17 17:30:00', 'f2113261-284f-441f-b256-80ba130dc613');
INSERT INTO public.calendar_event_step_views (id, championship_slug, color, icon, name, type, venue_label, date_time, reference) VALUES ('b41c26d6-1e5a-4913-acd5-04d04df86680', 'formula1', '#e00601', 'f1.svg', 'Pirelli Grand Prix du Canada', 'Qualifying', 'Circuit Gilles-Villeneuve', '2023-06-17 21:00:00', '400bd1e5-3d6b-4a0d-99c6-8a09fe8f1de0');
INSERT INTO public.calendar_event_step_views (id, championship_slug, color, icon, name, type, venue_label, date_time, reference) VALUES ('718d5c4d-edfc-47cf-aff5-061448d042c1', 'formula1', '#e00601', 'f1.svg', 'Pirelli Grand Prix du Canada', 'Race', 'Circuit Gilles-Villeneuve', '2023-06-18 19:00:00', '00caaec9-e682-4dd9-b7fc-29ff9ccedcd0');
INSERT INTO public.calendar_event_step_views (id, championship_slug, color, icon, name, type, venue_label, date_time, reference) VALUES ('76d74d2b-6869-4cea-a698-2a01272e1da0', 'formula1', '#e00601', 'f1.svg', 'Aramco British GP', 'Practice 1', 'Silverstone Circuit', '2023-07-07 12:30:00', '8751dcc2-e290-448a-b6d8-36bc614155c3');
INSERT INTO public.calendar_event_step_views (id, championship_slug, color, icon, name, type, venue_label, date_time, reference) VALUES ('11139f72-6dd9-45ee-8272-aacb4ff3d982', 'formula1', '#e00601', 'f1.svg', 'Aramco British GP', 'Practice 2', 'Silverstone Circuit', '2023-07-07 16:00:00', 'dbb516ec-b3cb-42ec-929e-7fcb35dae180');
INSERT INTO public.calendar_event_step_views (id, championship_slug, color, icon, name, type, venue_label, date_time, reference) VALUES ('7a3c7670-aca0-4eac-93ce-5e4ad2436062', 'formula1', '#e00601', 'f1.svg', 'Aramco British GP', 'Practice 3', 'Silverstone Circuit', '2023-07-08 11:30:00', 'b682218e-a5b0-4758-a8d1-6940cf71d939');
INSERT INTO public.calendar_event_step_views (id, championship_slug, color, icon, name, type, venue_label, date_time, reference) VALUES ('26106e97-d3f7-4d53-b399-9da89033b32d', 'formula1', '#e00601', 'f1.svg', 'Aramco British GP', 'Qualifying', 'Silverstone Circuit', '2023-07-08 15:00:00', '1b7161be-0e81-44a0-9322-60da78052324');
INSERT INTO public.calendar_event_step_views (id, championship_slug, color, icon, name, type, venue_label, date_time, reference) VALUES ('b4526611-aee8-478d-b741-99cc646ef6d8', 'formula1', '#e00601', 'f1.svg', 'Aramco British GP', 'Race', 'Silverstone Circuit', '2023-07-09 15:00:00', '45ac7200-c06b-4ee1-9bcb-fc3ba72c1e81');
INSERT INTO public.calendar_event_step_views (id, championship_slug, color, icon, name, type, venue_label, date_time, reference) VALUES ('469042d6-e5e3-44a9-93cf-a27f57d45648', 'formula1', '#e00601', 'f1.svg', 'Hungarian GP', 'Practice 1', 'Hungaroring', '2023-07-21 12:30:00', '525f3b8c-dd60-4b17-a624-90da1bbfe014');
INSERT INTO public.calendar_event_step_views (id, championship_slug, color, icon, name, type, venue_label, date_time, reference) VALUES ('4b70b4e9-5d50-4b54-bbbb-054d8c460914', 'formula1', '#e00601', 'f1.svg', 'Hungarian GP', 'Practice 2', 'Hungaroring', '2023-07-21 16:00:00', '39927001-7ea1-43fc-951a-b422764c8767');
INSERT INTO public.calendar_event_step_views (id, championship_slug, color, icon, name, type, venue_label, date_time, reference) VALUES ('a594730f-d793-4982-a62e-91b5d3321f57', 'formula1', '#e00601', 'f1.svg', 'Hungarian GP', 'Practice 3', 'Hungaroring', '2023-07-22 11:30:00', '22db26a2-ca65-40a1-93f7-d72a897f8301');
INSERT INTO public.calendar_event_step_views (id, championship_slug, color, icon, name, type, venue_label, date_time, reference) VALUES ('29fbe55c-c911-4404-9979-cb166397742f', 'formula1', '#e00601', 'f1.svg', 'Hungarian GP', 'Qualifying', 'Hungaroring', '2023-07-22 15:00:00', 'adc72e3f-2765-49e2-a285-fa7500120fa5');
INSERT INTO public.calendar_event_step_views (id, championship_slug, color, icon, name, type, venue_label, date_time, reference) VALUES ('f45b3894-a06c-4afc-8ae1-2ffc06eafca0', 'formula1', '#e00601', 'f1.svg', 'Hungarian GP', 'Race', 'Hungaroring', '2023-07-23 14:00:00', '133e3587-b82d-43a2-a043-f8682c5f9df8');
INSERT INTO public.calendar_event_step_views (id, championship_slug, color, icon, name, type, venue_label, date_time, reference) VALUES ('2b650b55-4a6e-48a3-842b-ddda823c8f1e', 'formula1', '#e00601', 'f1.svg', 'Heineken Dutch GP', 'Practice 1', 'Circuit Zandvoort', '2023-08-25 11:30:00', '7123aa09-0406-490c-8785-5c8d76e91db9');
INSERT INTO public.calendar_event_step_views (id, championship_slug, color, icon, name, type, venue_label, date_time, reference) VALUES ('ea21a14e-7048-4d7e-a160-eb6215baa0c5', 'formula1', '#e00601', 'f1.svg', 'Heineken Dutch GP', 'Practice 2', 'Circuit Zandvoort', '2023-08-25 15:00:00', '2bf8a1d7-c6ab-411e-aff7-d4af21c61bbb');
INSERT INTO public.calendar_event_step_views (id, championship_slug, color, icon, name, type, venue_label, date_time, reference) VALUES ('0c0088d6-18b5-440a-bea8-73bb4a843596', 'formula1', '#e00601', 'f1.svg', 'Heineken Dutch GP', 'Practice 3', 'Circuit Zandvoort', '2023-08-26 10:30:00', 'af7800e7-3464-4a00-8cb1-fae232a6e088');
INSERT INTO public.calendar_event_step_views (id, championship_slug, color, icon, name, type, venue_label, date_time, reference) VALUES ('aef8e521-2230-4006-96be-0a55c213d064', 'formula1', '#e00601', 'f1.svg', 'Heineken Dutch GP', 'Qualifying', 'Circuit Zandvoort', '2023-08-26 14:00:00', 'e2098890-fa9b-4b44-99a4-769ac9697275');
INSERT INTO public.calendar_event_step_views (id, championship_slug, color, icon, name, type, venue_label, date_time, reference) VALUES ('0e86f47c-f1ab-42c1-9935-9f0369293c0e', 'formula1', '#e00601', 'f1.svg', 'Heineken Dutch GP', 'Race', 'Circuit Zandvoort', '2023-08-27 14:00:00', 'd44bbdd9-74a4-4744-afe3-15f4ad1aeeb8');
INSERT INTO public.calendar_event_step_views (id, championship_slug, color, icon, name, type, venue_label, date_time, reference) VALUES ('da031f78-41ee-497d-ba2e-317c62226908', 'formula1', '#e00601', 'f1.svg', 'Pirelli Gran Premio D''Italia', 'Practice 1', 'Autodromo Nazionale Monza', '2023-09-01 12:30:00', 'ed6a62be-bbc4-4a63-986f-8b1d474277d9');
INSERT INTO public.calendar_event_step_views (id, championship_slug, color, icon, name, type, venue_label, date_time, reference) VALUES ('fff4aac6-063f-4a39-8515-c192c4f750bd', 'formula1', '#e00601', 'f1.svg', 'Pirelli Gran Premio D''Italia', 'Practice 2', 'Autodromo Nazionale Monza', '2023-09-01 16:00:00', '144e0a17-21a1-43ae-90dc-24dd53541aef');
INSERT INTO public.calendar_event_step_views (id, championship_slug, color, icon, name, type, venue_label, date_time, reference) VALUES ('64f7b2f2-dbdd-4c6b-94d0-8b13bf66e4db', 'formula1', '#e00601', 'f1.svg', 'Pirelli Gran Premio D''Italia', 'Practice 3', 'Autodromo Nazionale Monza', '2023-09-02 11:30:00', '9ca7ce11-a5b5-405d-800c-b9dc35e30a47');
INSERT INTO public.calendar_event_step_views (id, championship_slug, color, icon, name, type, venue_label, date_time, reference) VALUES ('0e5dc1c3-2ad0-471a-9047-44f5bb15f615', 'formula1', '#e00601', 'f1.svg', 'Pirelli Gran Premio D''Italia', 'Qualifying', 'Autodromo Nazionale Monza', '2023-09-02 15:00:00', '9dbdecd6-54a8-48cb-afb0-c6421195d91d');
INSERT INTO public.calendar_event_step_views (id, championship_slug, color, icon, name, type, venue_label, date_time, reference) VALUES ('0a1a7712-499d-4677-bf28-0dd8cfdb4bf4', 'formula1', '#e00601', 'f1.svg', 'Pirelli Gran Premio D''Italia', 'Race', 'Autodromo Nazionale Monza', '2023-09-03 14:00:00', '69d7237f-3b52-4181-a764-bfd672e8f93f');
INSERT INTO public.calendar_event_step_views (id, championship_slug, color, icon, name, type, venue_label, date_time, reference) VALUES ('e4d86923-a23a-4a2f-9ab5-5b1c23c9d81e', 'formula1', '#e00601', 'f1.svg', 'Singapore Airlines Singapore GP', 'Practice 1', 'Marina Bay Street Circuit', '2023-09-15 10:30:00', 'c92c80bc-36a4-4ad0-97d1-e48c12aab24e');
INSERT INTO public.calendar_event_step_views (id, championship_slug, color, icon, name, type, venue_label, date_time, reference) VALUES ('f1157b33-a13a-469d-af44-367932f01268', 'formula1', '#e00601', 'f1.svg', 'Singapore Airlines Singapore GP', 'Practice 2', 'Marina Bay Street Circuit', '2023-09-15 14:00:00', 'db217e54-bdec-4f91-9ea6-458689d58232');
INSERT INTO public.calendar_event_step_views (id, championship_slug, color, icon, name, type, venue_label, date_time, reference) VALUES ('b223ebfc-0146-4d93-ab13-91dd88c83537', 'formula1', '#e00601', 'f1.svg', 'Singapore Airlines Singapore GP', 'Practice 3', 'Marina Bay Street Circuit', '2023-09-16 10:30:00', 'c9892891-c99e-410f-8384-3ca3c8b26f26');
INSERT INTO public.calendar_event_step_views (id, championship_slug, color, icon, name, type, venue_label, date_time, reference) VALUES ('4b9bd34e-89e9-4b1a-8da4-94e8b5414d4a', 'formula1', '#e00601', 'f1.svg', 'Singapore Airlines Singapore GP', 'Qualifying', 'Marina Bay Street Circuit', '2023-09-16 14:00:00', 'febf33e2-5922-4c57-a133-6b4a297dcabb');
INSERT INTO public.calendar_event_step_views (id, championship_slug, color, icon, name, type, venue_label, date_time, reference) VALUES ('dd6cb140-aea4-40ab-ae3b-dd55391f1c3d', 'formula1', '#e00601', 'f1.svg', 'Singapore Airlines Singapore GP', 'Race', 'Marina Bay Street Circuit', '2023-09-17 13:00:00', 'ffbcd38a-8835-4acc-8c36-b7070bbe52ab');
INSERT INTO public.calendar_event_step_views (id, championship_slug, color, icon, name, type, venue_label, date_time, reference) VALUES ('fd32e21a-e4af-424b-b2bd-d4a0f0ba6a01', 'formula1', '#e00601', 'f1.svg', 'Lenovo Japanese GP', 'Practice 1', 'Suzuka International Racing Course', '2023-09-22 03:30:00', 'ae73b97c-ac7e-4b66-967c-7154fd055025');
INSERT INTO public.calendar_event_step_views (id, championship_slug, color, icon, name, type, venue_label, date_time, reference) VALUES ('c934d438-78ca-4f56-a010-3264d2440dbf', 'formula1', '#e00601', 'f1.svg', 'Lenovo Japanese GP', 'Practice 2', 'Suzuka International Racing Course', '2023-09-22 07:00:00', '3df53ac4-3bba-4b8a-9b81-4501e0022dd6');
INSERT INTO public.calendar_event_step_views (id, championship_slug, color, icon, name, type, venue_label, date_time, reference) VALUES ('5d6d5855-2bdd-455a-a2d5-2d638ddcdd81', 'formula1', '#e00601', 'f1.svg', 'Lenovo Japanese GP', 'Practice 3', 'Suzuka International Racing Course', '2023-09-23 03:30:00', 'ca8260d2-18f0-4d27-b207-cc82a8152dd3');
INSERT INTO public.calendar_event_step_views (id, championship_slug, color, icon, name, type, venue_label, date_time, reference) VALUES ('617bf051-3051-4dab-97aa-b8521dcdeb69', 'formula1', '#e00601', 'f1.svg', 'Lenovo Japanese GP', 'Qualifying', 'Suzuka International Racing Course', '2023-09-23 07:00:00', '43ff45aa-0820-4d4e-8623-dd67d9fc8400');
INSERT INTO public.calendar_event_step_views (id, championship_slug, color, icon, name, type, venue_label, date_time, reference) VALUES ('71178f1b-3fd8-4158-93e4-162583a580e8', 'formula1', '#e00601', 'f1.svg', 'Lenovo Japanese GP', 'Race', 'Suzuka International Racing Course', '2023-09-24 06:00:00', 'bd1ca022-23ae-4305-bc5f-f2c9ddae7b26');
INSERT INTO public.calendar_event_step_views (id, championship_slug, color, icon, name, type, venue_label, date_time, reference) VALUES ('53053390-8b00-4b93-8399-2735826bd868', 'formula1', '#e00601', 'f1.svg', 'Qatar GP', 'Practice 1', 'Lusail International Circuit', '2023-10-06 11:30:00', '4162fa30-33fd-4eee-bb59-ed2eda099ed0');
INSERT INTO public.calendar_event_step_views (id, championship_slug, color, icon, name, type, venue_label, date_time, reference) VALUES ('fedf1205-f518-4a8c-b2a2-5365a250cdf8', 'formula1', '#e00601', 'f1.svg', 'Qatar GP', 'Qualifying', 'Lusail International Circuit', '2023-10-06 15:00:00', '1e66ed18-e704-4121-b121-ec40a0fb1a0e');
INSERT INTO public.calendar_event_step_views (id, championship_slug, color, icon, name, type, venue_label, date_time, reference) VALUES ('8d602145-8943-4180-8632-ebdce0642f75', 'formula1', '#e00601', 'f1.svg', 'Qatar GP', 'Practice 2', 'Lusail International Circuit', '2023-10-07 11:30:00', '59ca289b-e0d8-499f-9921-c2f7a7fee6f9');
INSERT INTO public.calendar_event_step_views (id, championship_slug, color, icon, name, type, venue_label, date_time, reference) VALUES ('d055a24e-8bdc-42f6-ada0-cedbc0895703', 'formula1', '#e00601', 'f1.svg', 'Qatar GP', 'Race', 'Lusail International Circuit', '2023-10-08 15:00:00', '6e89756f-e921-4f03-9939-120b71383925');
INSERT INTO public.calendar_event_step_views (id, championship_slug, color, icon, name, type, venue_label, date_time, reference) VALUES ('1153f802-9b62-44fd-b37d-4124e26d457e', 'formula1', '#e00601', 'f1.svg', 'Lenovo United States GP', 'Practice 1', 'Circuit of the Americas', '2023-10-20 18:30:00', 'aeb86501-4c85-4235-892c-5ff72528ed34');
INSERT INTO public.calendar_event_step_views (id, championship_slug, color, icon, name, type, venue_label, date_time, reference) VALUES ('a6639bf9-eb6b-486c-bbf5-401f54d78494', 'formula1', '#e00601', 'f1.svg', 'Lenovo United States GP', 'Qualifying', 'Circuit of the Americas', '2023-10-20 22:00:00', 'e6ff581f-f9c7-4337-85bc-0695e6186113');
INSERT INTO public.calendar_event_step_views (id, championship_slug, color, icon, name, type, venue_label, date_time, reference) VALUES ('0dc8b727-e2ff-47ef-af4b-4988886c4eef', 'formula1', '#e00601', 'f1.svg', 'Lenovo United States GP', 'Practice 2', 'Circuit of the Americas', '2023-10-21 19:00:00', '2ea146cd-0e6b-4921-a660-8f6bcc14f121');
INSERT INTO public.calendar_event_step_views (id, championship_slug, color, icon, name, type, venue_label, date_time, reference) VALUES ('e959b17b-f322-46b0-9de1-0b67fc71a367', 'formula1', '#e00601', 'f1.svg', 'Lenovo United States GP', 'Sprint Qualifying', 'Circuit of the Americas', '2023-10-21 23:00:00', '756994fd-0a58-494f-a2d2-8114b1f538f0');
INSERT INTO public.calendar_event_step_views (id, championship_slug, color, icon, name, type, venue_label, date_time, reference) VALUES ('afe11cdb-d9eb-446b-9bff-1a4d37b22064', 'formula1', '#e00601', 'f1.svg', 'Lenovo United States GP', 'Race', 'Circuit of the Americas', '2023-10-22 20:00:00', 'c45e88fe-78c5-4dca-b55e-33c7a0e70bb2');
INSERT INTO public.calendar_event_step_views (id, championship_slug, color, icon, name, type, venue_label, date_time, reference) VALUES ('599ef6ed-a9c7-4258-8c44-75f281df6fe3', 'formula1', '#e00601', 'f1.svg', 'Qatar GP', 'Sprint Qualifying', 'Lusail International Circuit', '2023-10-07 15:30:00', 'b2c7cb94-f5ac-4dc3-b707-99333eeeab20');
INSERT INTO public.calendar_event_step_views (id, championship_slug, color, icon, name, type, venue_label, date_time, reference) VALUES ('ef2811a9-799a-4a7f-ad29-5714e2a19174', 'formula1', '#e00601', 'f1.svg', 'Gran Premio de la Ciudad de México', 'Practice 1', 'Autodromo Hermanos Rodriguez', '2023-10-27 19:30:00', '38d70474-47de-49d2-9cd7-68fd54fbef99');
INSERT INTO public.calendar_event_step_views (id, championship_slug, color, icon, name, type, venue_label, date_time, reference) VALUES ('afbb5c7b-e1e7-47c9-98ed-a6cba373e134', 'formula1', '#e00601', 'f1.svg', 'Gran Premio de la Ciudad de México', 'Practice 2', 'Autodromo Hermanos Rodriguez', '2023-10-27 23:00:00', '37233017-3669-4e03-bb3a-e6b225b185bd');
INSERT INTO public.calendar_event_step_views (id, championship_slug, color, icon, name, type, venue_label, date_time, reference) VALUES ('e7277af2-60e3-40ea-a831-eaefee9bf7ab', 'formula1', '#e00601', 'f1.svg', 'Gran Premio de la Ciudad de México', 'Practice 3', 'Autodromo Hermanos Rodriguez', '2023-10-28 18:30:00', '11881752-290d-432e-91bf-7b79d7a50b81');
INSERT INTO public.calendar_event_step_views (id, championship_slug, color, icon, name, type, venue_label, date_time, reference) VALUES ('f91303f1-d145-4a87-8f94-fcc806c5d76c', 'formula1', '#e00601', 'f1.svg', 'Gran Premio de la Ciudad de México', 'Qualifying', 'Autodromo Hermanos Rodriguez', '2023-10-28 22:00:00', '7c18e9cd-d1b9-4be7-b5c3-df5af195a5a0');
INSERT INTO public.calendar_event_step_views (id, championship_slug, color, icon, name, type, venue_label, date_time, reference) VALUES ('6d27e968-e93f-4158-932e-3260cbee128c', 'formula1', '#e00601', 'f1.svg', 'Gran Premio de la Ciudad de México', 'Race', 'Autodromo Hermanos Rodriguez', '2023-10-29 20:00:00', 'd92637b5-d5ef-4227-a00b-cbfe198d97d8');
INSERT INTO public.calendar_event_step_views (id, championship_slug, color, icon, name, type, venue_label, date_time, reference) VALUES ('eccf9e34-1a86-41be-be5c-e93d8a2f79f3', 'formula1', '#e00601', 'f1.svg', 'Rolex Grande Prêmio de São Paulo', 'Practice 1', 'Autódromo José Carlos Pace', '2023-11-03 14:30:00', '8deddb59-fb36-449c-a591-6ce2916fe285');
INSERT INTO public.calendar_event_step_views (id, championship_slug, color, icon, name, type, venue_label, date_time, reference) VALUES ('74b2f4b9-78a3-443d-8525-89f52dd9a3a8', 'formula1', '#e00601', 'f1.svg', 'Rolex Grande Prêmio de São Paulo', 'Qualifying', 'Autódromo José Carlos Pace', '2023-11-03 18:00:00', 'c8caf940-8010-4de2-a5d8-9daf6b4d651c');
INSERT INTO public.calendar_event_step_views (id, championship_slug, color, icon, name, type, venue_label, date_time, reference) VALUES ('5120302f-93e0-4fba-8403-bcefa6236231', 'formula1', '#e00601', 'f1.svg', 'Rolex Grande Prêmio de São Paulo', 'Practice 2', 'Autódromo José Carlos Pace', '2023-11-04 14:30:00', '03b2eaac-d11b-47eb-9101-528ca46f71ce');
INSERT INTO public.calendar_event_step_views (id, championship_slug, color, icon, name, type, venue_label, date_time, reference) VALUES ('ff6c1cdc-ed6b-42d7-b56f-e9d03ab1763d', 'formula1', '#e00601', 'f1.svg', 'Rolex Grande Prêmio de São Paulo', 'Sprint Qualifying', 'Autódromo José Carlos Pace', '2023-11-04 18:30:00', 'b0363d5e-9db5-464d-946a-4ea65c961b78');
INSERT INTO public.calendar_event_step_views (id, championship_slug, color, icon, name, type, venue_label, date_time, reference) VALUES ('6835b642-f836-49d4-9d2f-15aa5bbdce02', 'formula1', '#e00601', 'f1.svg', 'Rolex Grande Prêmio de São Paulo', 'Race', 'Autódromo José Carlos Pace', '2023-11-05 17:00:00', '8a0c3d3c-2baa-4453-9c1b-45fe65225580');
INSERT INTO public.calendar_event_step_views (id, championship_slug, color, icon, name, type, venue_label, date_time, reference) VALUES ('22682d59-7488-4d46-b80b-2e3b4281ae67', 'formula1', '#e00601', 'f1.svg', 'Heineken Silver Las Vegas GP', 'Practice 1', 'Las Vegas', '2023-11-17 04:30:00', 'e6c6801b-9c34-4aba-b9fe-71edb027cbcc');
INSERT INTO public.calendar_event_step_views (id, championship_slug, color, icon, name, type, venue_label, date_time, reference) VALUES ('494681b5-efcc-4605-800d-e128f7eb25ce', 'formula1', '#e00601', 'f1.svg', 'Heineken Silver Las Vegas GP', 'Practice 2', 'Las Vegas', '2023-11-17 08:00:00', '89edfdb0-612d-451b-b0c7-53961b26e5cc');
INSERT INTO public.calendar_event_step_views (id, championship_slug, color, icon, name, type, venue_label, date_time, reference) VALUES ('c9e9cd08-331b-4c38-ad18-9eee8dc72fa2', 'formula1', '#e00601', 'f1.svg', 'Heineken Silver Las Vegas GP', 'Practice 3', 'Las Vegas', '2023-11-18 04:30:00', '3a0009c1-d196-4708-876f-eae09f47077c');
INSERT INTO public.calendar_event_step_views (id, championship_slug, color, icon, name, type, venue_label, date_time, reference) VALUES ('2566c542-e582-4bb1-90fb-a12fd5325a6b', 'formula1', '#e00601', 'f1.svg', 'Heineken Silver Las Vegas GP', 'Qualifying', 'Las Vegas', '2023-11-18 08:00:00', '2d3bba6b-3e74-423d-a3d8-a3d348e83108');
INSERT INTO public.calendar_event_step_views (id, championship_slug, color, icon, name, type, venue_label, date_time, reference) VALUES ('57a793de-f8f4-49c1-a5ce-6ba6ebe5f599', 'formula1', '#e00601', 'f1.svg', 'Heineken Silver Las Vegas GP', 'Race', 'Las Vegas', '2023-11-19 06:00:00', '518cd802-4899-454d-8afe-6908c41c6826');
INSERT INTO public.calendar_event_step_views (id, championship_slug, color, icon, name, type, venue_label, date_time, reference) VALUES ('34b07f1e-3b84-4453-9cb1-8b4742a1929c', 'formula1', '#e00601', 'f1.svg', 'Etihad Airways Abu Dhabi GP', 'Practice 1', 'Yas Marina Circuit', '2023-11-24 09:30:00', '04cb8fea-3fe5-4208-ad4d-0d0bd2a41866');
INSERT INTO public.calendar_event_step_views (id, championship_slug, color, icon, name, type, venue_label, date_time, reference) VALUES ('193c7b85-34a9-42d9-a9bd-28ebb20b503c', 'formula1', '#e00601', 'f1.svg', 'Etihad Airways Abu Dhabi GP', 'Practice 2', 'Yas Marina Circuit', '2023-11-24 13:00:00', '2ceed5c5-e4e0-442c-97fa-b0dd163ef157');
INSERT INTO public.calendar_event_step_views (id, championship_slug, color, icon, name, type, venue_label, date_time, reference) VALUES ('b438850f-9cdf-4312-b76c-79c0471035b7', 'formula1', '#e00601', 'f1.svg', 'Etihad Airways Abu Dhabi GP', 'Practice 3', 'Yas Marina Circuit', '2023-11-25 10:30:00', '853c483b-8c2f-4a6c-9d2e-723116250bf8');
INSERT INTO public.calendar_event_step_views (id, championship_slug, color, icon, name, type, venue_label, date_time, reference) VALUES ('8243ca5d-6bd8-49ce-b37e-9abe2cc2a6a7', 'formula1', '#e00601', 'f1.svg', 'Etihad Airways Abu Dhabi GP', 'Qualifying', 'Yas Marina Circuit', '2023-11-25 14:00:00', 'e00a6176-ddd3-4e62-8a43-7b29ef9d5371');
INSERT INTO public.calendar_event_step_views (id, championship_slug, color, icon, name, type, venue_label, date_time, reference) VALUES ('28557648-a9ac-446a-8ae0-51239ad98669', 'formula1', '#e00601', 'f1.svg', 'Etihad Airways Abu Dhabi GP', 'Race', 'Yas Marina Circuit', '2023-11-26 13:00:00', '311fedc6-5f70-41e9-be35-a6553a2aec81');
INSERT INTO public.calendar_event_step_views (id, championship_slug, color, icon, name, type, venue_label, date_time, reference) VALUES ('280a2ab9-1c8e-4a44-a20e-27010dc40e04', 'formula1', '#e00601', 'f1.svg', 'Azerbaijan GP', 'Practice 1', 'Baku City Circuit', '2023-04-28 10:30:00', '422b8a86-1b3a-48ea-a4b2-9ffc764973d7');
INSERT INTO public.calendar_event_step_views (id, championship_slug, color, icon, name, type, venue_label, date_time, reference) VALUES ('510c9500-c5b3-4145-9d8e-6df8057e2279', 'formula1', '#e00601', 'f1.svg', 'Azerbaijan GP', 'Qualifying', 'Baku City Circuit', '2023-04-28 14:00:00', 'd20f66a3-5c33-47e7-a7f5-061a72dacdbf');
INSERT INTO public.calendar_event_step_views (id, championship_slug, color, icon, name, type, venue_label, date_time, reference) VALUES ('0f92bd5d-1d87-471d-affc-5334ed6bffd8', 'formula1', '#e00601', 'f1.svg', 'Azerbaijan GP', 'Practice 2', 'Baku City Circuit', '2023-04-29 10:30:00', '18b3ce7e-feee-4384-ad30-06914f6acdc9');
INSERT INTO public.calendar_event_step_views (id, championship_slug, color, icon, name, type, venue_label, date_time, reference) VALUES ('bfa4eeae-caf7-4470-b006-191ffe8380fd', 'formula1', '#e00601', 'f1.svg', 'Azerbaijan GP', 'Qualifying Qualifying', 'Baku City Circuit', '2023-04-29 14:30:00', '71aa4da5-359e-47e4-ad1c-2a166c04f16f');
INSERT INTO public.calendar_event_step_views (id, championship_slug, color, icon, name, type, venue_label, date_time, reference) VALUES ('3fc64ea7-7741-4452-bdec-5d5d08251974', 'formula1', '#e00601', 'f1.svg', 'Azerbaijan GP', 'Race', 'Baku City Circuit', '2023-04-30 12:00:00', '43a6477a-42bf-4e04-b070-d78cb8fcf4eb');
INSERT INTO public.calendar_event_step_views (id, championship_slug, color, icon, name, type, venue_label, date_time, reference) VALUES ('7f69aaff-a75c-4e8c-99aa-6b30d03140f2', 'formula1', '#e00601', 'f1.svg', 'Grosser Preis Von Österreich', 'Practice 1', 'Red Bull Ring', '2023-06-30 12:30:00', 'c6287fd4-1581-4dd7-a25a-f45d3fed3590');
INSERT INTO public.calendar_event_step_views (id, championship_slug, color, icon, name, type, venue_label, date_time, reference) VALUES ('34b5d384-e684-4b73-93a9-362b08d24be5', 'formula1', '#e00601', 'f1.svg', 'Grosser Preis Von Österreich', 'Qualifying', 'Red Bull Ring', '2023-06-30 16:00:00', 'e74674c6-a95e-4740-b768-569b2e90ab37');
INSERT INTO public.calendar_event_step_views (id, championship_slug, color, icon, name, type, venue_label, date_time, reference) VALUES ('62977d57-b0d0-4fb2-998b-c23e64a8b5e0', 'formula1', '#e00601', 'f1.svg', 'Grosser Preis Von Österreich', 'Practice 2', 'Red Bull Ring', '2023-07-01 11:30:00', '2f145e38-1915-4a23-bf69-dae178cebb2e');
INSERT INTO public.calendar_event_step_views (id, championship_slug, color, icon, name, type, venue_label, date_time, reference) VALUES ('62ffef3c-efe6-46c4-95d8-79c324130407', 'formula1', '#e00601', 'f1.svg', 'Grosser Preis Von Österreich', 'Qualifying Qualifying', 'Red Bull Ring', '2023-07-01 15:30:00', '7170b091-4f7e-4252-9f80-888be4e67dcb');
INSERT INTO public.calendar_event_step_views (id, championship_slug, color, icon, name, type, venue_label, date_time, reference) VALUES ('1ab910a8-dd01-4854-9b5a-705c25350347', 'formula1', '#e00601', 'f1.svg', 'Grosser Preis Von Österreich', 'Race', 'Red Bull Ring', '2023-07-02 14:00:00', 'c46fa55f-cd99-4687-81f8-711aeca49f0f');
INSERT INTO public.calendar_event_step_views (id, championship_slug, color, icon, name, type, venue_label, date_time, reference) VALUES ('d53363e4-49c0-4b9c-bd70-ec0ef87ac91d', 'formula1', '#e00601', 'f1.svg', 'Belgian GP', 'Practice 1', 'Circuit de Spa Francorchamps', '2023-07-28 12:30:00', '7632cca7-a773-4d14-8bda-503bde0a1e57');
INSERT INTO public.calendar_event_step_views (id, championship_slug, color, icon, name, type, venue_label, date_time, reference) VALUES ('e0f6041f-aef0-48a3-951c-758da6e3f03d', 'formula1', '#e00601', 'f1.svg', 'Belgian GP', 'Qualifying', 'Circuit de Spa Francorchamps', '2023-07-28 16:00:00', 'eef88a30-5f85-49ee-92eb-66d7acf3bf10');
INSERT INTO public.calendar_event_step_views (id, championship_slug, color, icon, name, type, venue_label, date_time, reference) VALUES ('6447d61a-35c9-461b-b074-0095e08638c4', 'formula1', '#e00601', 'f1.svg', 'Belgian GP', 'Practice 2', 'Circuit de Spa Francorchamps', '2023-07-29 11:30:00', '6af3ed13-cfd7-47d8-b520-f3835bb4df83');
INSERT INTO public.calendar_event_step_views (id, championship_slug, color, icon, name, type, venue_label, date_time, reference) VALUES ('0e8bc94d-52d7-493d-b477-65ea62eb55a5', 'formula1', '#e00601', 'f1.svg', 'Belgian GP', 'Sprint Qualifying', 'Circuit de Spa Francorchamps', '2023-07-29 15:30:00', '161dd483-fb11-49ed-9fa4-22f0efcd172f');
INSERT INTO public.calendar_event_step_views (id, championship_slug, color, icon, name, type, venue_label, date_time, reference) VALUES ('a2f6ea42-89b9-4d7a-949d-dc50950634d5', 'formula1', '#e00601', 'f1.svg', 'Belgian GP', 'Race', 'Circuit de Spa Francorchamps', '2023-07-30 14:00:00', '2a66bca0-6a3e-4578-a00e-f35a80789b66');


--
-- Data for Name: championships; Type: TABLE DATA; Schema: public; Owner: app
--

INSERT INTO public.championships (id, name, slug) VALUES ('f4618d91-2df9-4a39-b857-7b751b27111a', 'Formula One', 'formula1');


--
-- Data for Name: countries; Type: TABLE DATA; Schema: public; Owner: app
--

INSERT INTO public.countries (id, code) VALUES ('db5dc596-45b7-4586-9ee3-95221f0ccb84', 'bh');
INSERT INTO public.countries (id, code) VALUES ('ab04aa06-b392-4f16-8615-afdd2bf561bc', 'sa');
INSERT INTO public.countries (id, code) VALUES ('b94997db-940a-4ddc-a133-a4140d168b94', 'au');
INSERT INTO public.countries (id, code) VALUES ('87afcfd4-a08c-47bf-8d96-e903b34f6c39', 'it');
INSERT INTO public.countries (id, code) VALUES ('73d7cf5c-6add-46cb-a97a-4757c6b7764c', 'us');
INSERT INTO public.countries (id, code) VALUES ('0a7c4ba4-b3a0-4219-a5bd-6466750441a5', 'es');
INSERT INTO public.countries (id, code) VALUES ('5ef1a30f-7f85-493a-8db9-265c10c435d7', 'mc');
INSERT INTO public.countries (id, code) VALUES ('237e1373-7a68-4841-b541-d17f340aa003', 'az');
INSERT INTO public.countries (id, code) VALUES ('7f49f09b-f1f7-4312-b5d0-e8be78e10f01', 'ca');
INSERT INTO public.countries (id, code) VALUES ('849c2feb-208f-40f7-b719-131e34082381', 'gb');
INSERT INTO public.countries (id, code) VALUES ('958ffab0-d0ec-4e0d-bcf5-990ec9b0f3a3', 'at');
INSERT INTO public.countries (id, code) VALUES ('606e0956-7707-43b4-a065-57f59a6b2885', 'fr');
INSERT INTO public.countries (id, code) VALUES ('ea893e30-9517-4613-a713-6228782141c9', 'hu');
INSERT INTO public.countries (id, code) VALUES ('2801dba5-19e5-4557-acce-3829546e7639', 'be');
INSERT INTO public.countries (id, code) VALUES ('b16cab89-6df3-4e96-8858-1ef550e6c946', 'nl');
INSERT INTO public.countries (id, code) VALUES ('cdd3df0f-920c-4854-abfe-46dc2bbe683b', 'sg');
INSERT INTO public.countries (id, code) VALUES ('29e86eef-3917-4352-afbb-9407f33ec479', 'jp');
INSERT INTO public.countries (id, code) VALUES ('98d0e3cd-d803-4517-9cdb-7feb82b0422b', 'mx');
INSERT INTO public.countries (id, code) VALUES ('9157eea3-8a50-4a8c-a139-8310731c0d65', 'br');
INSERT INTO public.countries (id, code) VALUES ('ab2b5530-da66-453a-8833-1b1857f3e54c', 'ae');
INSERT INTO public.countries (id, code) VALUES ('e0ef3345-7693-43c5-95ef-039d1de894a7', 'fl');
INSERT INTO public.countries (id, code) VALUES ('e9b31ca6-40ee-4860-8cc3-55c6951f3a81', 'cn');
INSERT INTO public.countries (id, code) VALUES ('2546e6e8-2d5f-4730-8f3d-7346c34991b7', 'th');
INSERT INTO public.countries (id, code) VALUES ('c1400d2e-b38f-4562-a019-2f2d82f37d01', 'de');
INSERT INTO public.countries (id, code) VALUES ('6f4379bb-5c80-4b10-a225-dc70d51f154c', 'dk');
INSERT INTO public.countries (id, code) VALUES ('0af62fc1-f778-4488-9bc6-63ab9d31c7c7', 'ch');
INSERT INTO public.countries (id, code) VALUES ('ce2cd790-5d26-41ff-99a8-82abba8b49e6', 'qa');


--
-- Data for Name: seasons; Type: TABLE DATA; Schema: public; Owner: app
--

INSERT INTO public.seasons (id, championship, year) VALUES ('28137908-06e4-4346-b309-c4c04dda4e10', 'f4618d91-2df9-4a39-b857-7b751b27111a', 2022);
INSERT INTO public.seasons (id, championship, year) VALUES ('50093d15-7156-4cee-874c-97e531511dc6', 'f4618d91-2df9-4a39-b857-7b751b27111a', 2023);


--
-- Data for Name: teams; Type: TABLE DATA; Schema: public; Owner: app
--

INSERT INTO public.teams (id, name, image, country) VALUES ('a050a229-f93a-49f8-9209-8ce4297f6b26', 'Mercedes', '/mercedes.png', 'c1400d2e-b38f-4562-a019-2f2d82f37d01');
INSERT INTO public.teams (id, name, image, country) VALUES ('0521d82c-77a7-4d46-81f6-ab3741c3e554', 'Red Bull Racing', '/redbullracing.png', '958ffab0-d0ec-4e0d-bcf5-990ec9b0f3a3');
INSERT INTO public.teams (id, name, image, country) VALUES ('664150ac-aeb0-4e06-a35c-c4a6c102cb70', 'Ferrari', '/ferrari.png', '87afcfd4-a08c-47bf-8d96-e903b34f6c39');
INSERT INTO public.teams (id, name, image, country) VALUES ('411baf4f-a7f5-465c-8acd-d4d649b4eaff', 'Alpine', '/alpine.png', '606e0956-7707-43b4-a065-57f59a6b2885');
INSERT INTO public.teams (id, name, image, country) VALUES ('9d219474-9719-471e-b2f7-0ccc0f666754', 'McLaren', '/mclaren.png', '849c2feb-208f-40f7-b719-131e34082381');
INSERT INTO public.teams (id, name, image, country) VALUES ('08903254-d543-482e-a358-e6129a3f4ffe', 'Williams', '/williams.png', '849c2feb-208f-40f7-b719-131e34082381');
INSERT INTO public.teams (id, name, image, country) VALUES ('91793127-a828-4bac-870e-b781f94a8bc8', 'Aston Martin', '/astonmartin.png', '849c2feb-208f-40f7-b719-131e34082381');
INSERT INTO public.teams (id, name, image, country) VALUES ('4575090f-e9e7-4a70-802b-f8cdc94f1cd3', 'Haas', '/haas.png', '73d7cf5c-6add-46cb-a97a-4757c6b7764c');
INSERT INTO public.teams (id, name, image, country) VALUES ('287c8e13-af66-42da-8df4-2e79560afb2c', 'Alpha Tauri', '/alphatauri.png', '87afcfd4-a08c-47bf-8d96-e903b34f6c39');
INSERT INTO public.teams (id, name, image, country) VALUES ('433ccb42-fe09-4ba1-a4b0-e6f5c0c7850d', 'Alfa Romeo Racing', '/alfaromeoracing.png', '0af62fc1-f778-4488-9bc6-63ab9d31c7c7');


--
-- Data for Name: cars; Type: TABLE DATA; Schema: public; Owner: app
--

INSERT INTO public.cars (id, number, team, season) VALUES ('9091a5af-b588-4632-9251-66654d35f77d', 1, '0521d82c-77a7-4d46-81f6-ab3741c3e554', '28137908-06e4-4346-b309-c4c04dda4e10');
INSERT INTO public.cars (id, number, team, season) VALUES ('5b927c77-32da-48ac-b6f3-c10f7e042aac', 3, '9d219474-9719-471e-b2f7-0ccc0f666754', '28137908-06e4-4346-b309-c4c04dda4e10');
INSERT INTO public.cars (id, number, team, season) VALUES ('ab4c09bb-e2cd-4e06-9c59-372fd8365736', 4, '9d219474-9719-471e-b2f7-0ccc0f666754', '28137908-06e4-4346-b309-c4c04dda4e10');
INSERT INTO public.cars (id, number, team, season) VALUES ('242e5a1a-e706-4824-905a-977767d0bb71', 5, '91793127-a828-4bac-870e-b781f94a8bc8', '28137908-06e4-4346-b309-c4c04dda4e10');
INSERT INTO public.cars (id, number, team, season) VALUES ('978eba5d-481b-4c9e-b44d-90f657a882f8', 6, '08903254-d543-482e-a358-e6129a3f4ffe', '28137908-06e4-4346-b309-c4c04dda4e10');
INSERT INTO public.cars (id, number, team, season) VALUES ('10977814-6cf1-4088-a5b8-b8e2fa70d0d4', 10, '287c8e13-af66-42da-8df4-2e79560afb2c', '28137908-06e4-4346-b309-c4c04dda4e10');
INSERT INTO public.cars (id, number, team, season) VALUES ('ecc7854d-5aae-42e7-a1d7-19081677f431', 11, '0521d82c-77a7-4d46-81f6-ab3741c3e554', '28137908-06e4-4346-b309-c4c04dda4e10');
INSERT INTO public.cars (id, number, team, season) VALUES ('5d9a78a4-7cd5-4452-8dc4-d054d6786daa', 14, '411baf4f-a7f5-465c-8acd-d4d649b4eaff', '28137908-06e4-4346-b309-c4c04dda4e10');
INSERT INTO public.cars (id, number, team, season) VALUES ('ada74a80-0a02-43a3-95ad-fd00dfef1683', 16, '664150ac-aeb0-4e06-a35c-c4a6c102cb70', '28137908-06e4-4346-b309-c4c04dda4e10');
INSERT INTO public.cars (id, number, team, season) VALUES ('782bf361-8ecc-4da3-b097-a97e0c5e4b48', 18, '91793127-a828-4bac-870e-b781f94a8bc8', '28137908-06e4-4346-b309-c4c04dda4e10');
INSERT INTO public.cars (id, number, team, season) VALUES ('6bd4fc55-89fd-4a61-9fa9-bbfbbdfd2de7', 20, '4575090f-e9e7-4a70-802b-f8cdc94f1cd3', '28137908-06e4-4346-b309-c4c04dda4e10');
INSERT INTO public.cars (id, number, team, season) VALUES ('4401843f-8fb1-40c0-8256-34086a0823d5', 22, '287c8e13-af66-42da-8df4-2e79560afb2c', '28137908-06e4-4346-b309-c4c04dda4e10');
INSERT INTO public.cars (id, number, team, season) VALUES ('bd096779-7175-4b01-9cd8-4d7393eb556b', 23, '08903254-d543-482e-a358-e6129a3f4ffe', '28137908-06e4-4346-b309-c4c04dda4e10');
INSERT INTO public.cars (id, number, team, season) VALUES ('8ed1a44c-063c-480c-8881-ff8162341f58', 24, '433ccb42-fe09-4ba1-a4b0-e6f5c0c7850d', '28137908-06e4-4346-b309-c4c04dda4e10');
INSERT INTO public.cars (id, number, team, season) VALUES ('4eae9d76-8c8a-4038-ae0f-f8439962d04d', 31, '411baf4f-a7f5-465c-8acd-d4d649b4eaff', '28137908-06e4-4346-b309-c4c04dda4e10');
INSERT INTO public.cars (id, number, team, season) VALUES ('4b3c6596-3b68-449f-8883-492bf3792cc8', 44, 'a050a229-f93a-49f8-9209-8ce4297f6b26', '28137908-06e4-4346-b309-c4c04dda4e10');
INSERT INTO public.cars (id, number, team, season) VALUES ('1ef5aca1-e0bc-4252-942b-d8a53ea51ca0', 47, '4575090f-e9e7-4a70-802b-f8cdc94f1cd3', '28137908-06e4-4346-b309-c4c04dda4e10');
INSERT INTO public.cars (id, number, team, season) VALUES ('c69289d7-1fa4-4d5d-9062-d4e8c9006359', 55, '664150ac-aeb0-4e06-a35c-c4a6c102cb70', '28137908-06e4-4346-b309-c4c04dda4e10');
INSERT INTO public.cars (id, number, team, season) VALUES ('b56ede6e-8211-492f-b639-762ec367e0dc', 63, 'a050a229-f93a-49f8-9209-8ce4297f6b26', '28137908-06e4-4346-b309-c4c04dda4e10');
INSERT INTO public.cars (id, number, team, season) VALUES ('0e968bbf-c046-4116-9409-19c65ad381b3', 77, '433ccb42-fe09-4ba1-a4b0-e6f5c0c7850d', '28137908-06e4-4346-b309-c4c04dda4e10');
INSERT INTO public.cars (id, number, team, season) VALUES ('0b2b5f17-6e4d-4486-8f10-2336d392dddc', 27, '91793127-a828-4bac-870e-b781f94a8bc8', '28137908-06e4-4346-b309-c4c04dda4e10');
INSERT INTO public.cars (id, number, team, season) VALUES ('953f13a4-5f6b-4da6-a23a-147d7e27739c', 45, '08903254-d543-482e-a358-e6129a3f4ffe', '28137908-06e4-4346-b309-c4c04dda4e10');
INSERT INTO public.cars (id, number, team, season) VALUES ('eb970384-3630-4620-87b3-bdf0f2f4384c', 24, '433ccb42-fe09-4ba1-a4b0-e6f5c0c7850d', '50093d15-7156-4cee-874c-97e531511dc6');
INSERT INTO public.cars (id, number, team, season) VALUES ('8c481614-90d4-4178-928f-591294d2caef', 77, '433ccb42-fe09-4ba1-a4b0-e6f5c0c7850d', '50093d15-7156-4cee-874c-97e531511dc6');
INSERT INTO public.cars (id, number, team, season) VALUES ('a490d12e-2720-429f-8c88-fbb63faccc2c', 21, '287c8e13-af66-42da-8df4-2e79560afb2c', '50093d15-7156-4cee-874c-97e531511dc6');
INSERT INTO public.cars (id, number, team, season) VALUES ('c064d0a4-4392-4b9e-9f3d-1684f542edb9', 22, '287c8e13-af66-42da-8df4-2e79560afb2c', '50093d15-7156-4cee-874c-97e531511dc6');
INSERT INTO public.cars (id, number, team, season) VALUES ('47ff7165-fb78-4672-88f3-a476463ecd7e', 10, '411baf4f-a7f5-465c-8acd-d4d649b4eaff', '50093d15-7156-4cee-874c-97e531511dc6');
INSERT INTO public.cars (id, number, team, season) VALUES ('ec7726a2-8144-40c4-a9a8-510a4e48fcb8', 31, '411baf4f-a7f5-465c-8acd-d4d649b4eaff', '50093d15-7156-4cee-874c-97e531511dc6');
INSERT INTO public.cars (id, number, team, season) VALUES ('701d5d67-322a-4698-807e-790dc36ef2c9', 14, '91793127-a828-4bac-870e-b781f94a8bc8', '50093d15-7156-4cee-874c-97e531511dc6');
INSERT INTO public.cars (id, number, team, season) VALUES ('6f18d71b-2d3c-452a-be0e-2851bc4df46e', 18, '91793127-a828-4bac-870e-b781f94a8bc8', '50093d15-7156-4cee-874c-97e531511dc6');
INSERT INTO public.cars (id, number, team, season) VALUES ('4d80e144-7260-4c17-a36b-842a59ddd3c7', 16, '664150ac-aeb0-4e06-a35c-c4a6c102cb70', '50093d15-7156-4cee-874c-97e531511dc6');
INSERT INTO public.cars (id, number, team, season) VALUES ('c58d852c-0475-48fa-8064-b078b5ef92ba', 55, '664150ac-aeb0-4e06-a35c-c4a6c102cb70', '50093d15-7156-4cee-874c-97e531511dc6');
INSERT INTO public.cars (id, number, team, season) VALUES ('cc7a3100-8dae-40e1-bae2-119fa42c2901', 20, '4575090f-e9e7-4a70-802b-f8cdc94f1cd3', '50093d15-7156-4cee-874c-97e531511dc6');
INSERT INTO public.cars (id, number, team, season) VALUES ('33ad85b8-1c68-4cbf-8a88-0c10ed6cbf83', 27, '4575090f-e9e7-4a70-802b-f8cdc94f1cd3', '50093d15-7156-4cee-874c-97e531511dc6');
INSERT INTO public.cars (id, number, team, season) VALUES ('db0a5c33-5af5-42af-8b9a-c6470e9d085d', 4, '9d219474-9719-471e-b2f7-0ccc0f666754', '50093d15-7156-4cee-874c-97e531511dc6');
INSERT INTO public.cars (id, number, team, season) VALUES ('e0b6d951-9f75-4d7d-9f7a-c5dc48a796c8', 81, '9d219474-9719-471e-b2f7-0ccc0f666754', '50093d15-7156-4cee-874c-97e531511dc6');
INSERT INTO public.cars (id, number, team, season) VALUES ('db82c1a8-df57-4573-ba00-c053b0dba526', 44, 'a050a229-f93a-49f8-9209-8ce4297f6b26', '50093d15-7156-4cee-874c-97e531511dc6');
INSERT INTO public.cars (id, number, team, season) VALUES ('af083867-6b05-4dc2-8ed0-25464f0232ec', 63, 'a050a229-f93a-49f8-9209-8ce4297f6b26', '50093d15-7156-4cee-874c-97e531511dc6');
INSERT INTO public.cars (id, number, team, season) VALUES ('0f4b7fc5-c714-41d1-b860-7aaf226057cf', 1, '0521d82c-77a7-4d46-81f6-ab3741c3e554', '50093d15-7156-4cee-874c-97e531511dc6');
INSERT INTO public.cars (id, number, team, season) VALUES ('d45c62d1-de1e-441e-bfc5-9349ba814465', 11, '0521d82c-77a7-4d46-81f6-ab3741c3e554', '50093d15-7156-4cee-874c-97e531511dc6');
INSERT INTO public.cars (id, number, team, season) VALUES ('56073ab5-f373-478f-a041-d734e0af0f0f', 2, '08903254-d543-482e-a358-e6129a3f4ffe', '50093d15-7156-4cee-874c-97e531511dc6');
INSERT INTO public.cars (id, number, team, season) VALUES ('86bd6f56-be33-411b-bafc-d2254eb67a27', 23, '08903254-d543-482e-a358-e6129a3f4ffe', '50093d15-7156-4cee-874c-97e531511dc6');


--
-- Data for Name: championship_presentations; Type: TABLE DATA; Schema: public; Owner: app
--

INSERT INTO public.championship_presentations (id, championship, icon, color, created_on) VALUES ('99b574f3-4a28-46d2-a32a-c8b2e873562f', 'f4618d91-2df9-4a39-b857-7b751b27111a', 'f1.svg', '#e00601', '2023-02-18 18:47:12');


--
-- Data for Name: drivers; Type: TABLE DATA; Schema: public; Owner: app
--

INSERT INTO public.drivers (id, name, firstname, country) VALUES ('72dbaa68-4dc3-4087-90b0-8153cb441738', 'Hamilton', 'Lewis', '849c2feb-208f-40f7-b719-131e34082381');
INSERT INTO public.drivers (id, name, firstname, country) VALUES ('494f6b1d-7622-4032-bf04-182a0dee404e', 'Russell', 'George', '849c2feb-208f-40f7-b719-131e34082381');
INSERT INTO public.drivers (id, name, firstname, country) VALUES ('376f88ca-b07a-4802-b117-799421598d03', 'Verstappen', 'Max', 'b16cab89-6df3-4e96-8858-1ef550e6c946');
INSERT INTO public.drivers (id, name, firstname, country) VALUES ('59dc6702-fde8-4b2f-b04e-1a0f8ffebe38', 'Perez', 'Sergio', '98d0e3cd-d803-4517-9cdb-7feb82b0422b');
INSERT INTO public.drivers (id, name, firstname, country) VALUES ('886072d0-3f71-44d9-a28e-5d1120b34239', 'Leclerc', 'Charles', '5ef1a30f-7f85-493a-8db9-265c10c435d7');
INSERT INTO public.drivers (id, name, firstname, country) VALUES ('5db217dc-d298-479e-ac24-0e2e0178d30a', 'Sainz', 'Carlos', '0a7c4ba4-b3a0-4219-a5bd-6466750441a5');
INSERT INTO public.drivers (id, name, firstname, country) VALUES ('0c7f0cf0-8d2f-438f-b1d8-c15be2e8cc96', 'Alonso', 'Fernando', '0a7c4ba4-b3a0-4219-a5bd-6466750441a5');
INSERT INTO public.drivers (id, name, firstname, country) VALUES ('b8242bfc-831e-41d3-99ca-a15906bef28b', 'Ocon', 'Esteban', '606e0956-7707-43b4-a065-57f59a6b2885');
INSERT INTO public.drivers (id, name, firstname, country) VALUES ('f4c60528-4f64-47d0-b460-15c0ec4d69fe', 'Norris', 'Lando', '849c2feb-208f-40f7-b719-131e34082381');
INSERT INTO public.drivers (id, name, firstname, country) VALUES ('f9157781-1615-4d1e-9b58-6298ea1c9200', 'Ricciardo', 'Daniel', 'b94997db-940a-4ddc-a133-a4140d168b94');
INSERT INTO public.drivers (id, name, firstname, country) VALUES ('d98aaa41-6948-4216-9585-c84faedcd17c', 'Gasly', 'Pierre', '606e0956-7707-43b4-a065-57f59a6b2885');
INSERT INTO public.drivers (id, name, firstname, country) VALUES ('4da2cb59-5bc4-4502-983c-8ab5ba156f78', 'Tsunoda', 'Yuki', '29e86eef-3917-4352-afbb-9407f33ec479');
INSERT INTO public.drivers (id, name, firstname, country) VALUES ('93cd5944-2646-4681-ba0c-fe24be31a2d7', 'Bottas', 'Valtteri', 'e0ef3345-7693-43c5-95ef-039d1de894a7');
INSERT INTO public.drivers (id, name, firstname, country) VALUES ('368de2ea-cc01-412e-a670-65f3512daf10', 'Guanyu', 'Zhou', 'e9b31ca6-40ee-4860-8cc3-55c6951f3a81');
INSERT INTO public.drivers (id, name, firstname, country) VALUES ('043f15b7-7e92-4a7e-8e2d-08db6ae3c283', 'Albon', 'Alex', '2546e6e8-2d5f-4730-8f3d-7346c34991b7');
INSERT INTO public.drivers (id, name, firstname, country) VALUES ('8345df6c-8d1a-4de8-8616-23869b2b316f', 'Latifi', 'Nicholas', '7f49f09b-f1f7-4312-b5d0-e8be78e10f01');
INSERT INTO public.drivers (id, name, firstname, country) VALUES ('b871589d-32f5-43c6-9cf6-9750b8748498', 'Vettel', 'Sebastian', 'c1400d2e-b38f-4562-a019-2f2d82f37d01');
INSERT INTO public.drivers (id, name, firstname, country) VALUES ('b480ff53-a91e-49bb-8de2-ba673501982f', 'Stroll', 'Lance', '7f49f09b-f1f7-4312-b5d0-e8be78e10f01');
INSERT INTO public.drivers (id, name, firstname, country) VALUES ('92bba624-1864-4053-8c7f-7f1ea6709063', 'Schumacher', 'Mick', 'c1400d2e-b38f-4562-a019-2f2d82f37d01');
INSERT INTO public.drivers (id, name, firstname, country) VALUES ('caf2d7ff-8372-4043-b79d-e2062d799da6', 'Magnussen', 'Kevin', '6f4379bb-5c80-4b10-a225-dc70d51f154c');
INSERT INTO public.drivers (id, name, firstname, country) VALUES ('88038686-7a0e-4d23-8043-93e56e48a804', 'Hulkenberg', 'Nico', 'c1400d2e-b38f-4562-a019-2f2d82f37d01');
INSERT INTO public.drivers (id, name, firstname, country) VALUES ('f3296964-0bf7-4ad6-aa47-3fc349d66720', 'de Vries', 'Nyck', 'b16cab89-6df3-4e96-8858-1ef550e6c946');
INSERT INTO public.drivers (id, name, firstname, country) VALUES ('1dfe05c7-7693-4a94-9333-54ebd485916a', 'Piastri', 'Oscar', 'b94997db-940a-4ddc-a133-a4140d168b94');
INSERT INTO public.drivers (id, name, firstname, country) VALUES ('c0b2c74e-762e-4b0e-8875-cbaf7fab4717', 'Sargeant', 'Logan', '73d7cf5c-6add-46cb-a97a-4757c6b7764c');


--
-- Data for Name: driver_moves; Type: TABLE DATA; Schema: public; Owner: app
--

INSERT INTO public.driver_moves (id, driver, car, date) VALUES ('16743bef-907e-4d3a-95dc-6f4bc0588f2c', '376f88ca-b07a-4802-b117-799421598d03', '9091a5af-b588-4632-9251-66654d35f77d', '2022-01-01 00:00:00');
INSERT INTO public.driver_moves (id, driver, car, date) VALUES ('599e91ab-4680-4fc1-b232-0591ffac9b28', 'f9157781-1615-4d1e-9b58-6298ea1c9200', '5b927c77-32da-48ac-b6f3-c10f7e042aac', '2022-01-01 00:00:00');
INSERT INTO public.driver_moves (id, driver, car, date) VALUES ('49c6078a-eefe-4616-92c2-b0862e2322cb', 'f4c60528-4f64-47d0-b460-15c0ec4d69fe', 'ab4c09bb-e2cd-4e06-9c59-372fd8365736', '2022-01-01 00:00:00');
INSERT INTO public.driver_moves (id, driver, car, date) VALUES ('3b9cd10b-bd3f-446b-8c4a-db41ae633817', 'b871589d-32f5-43c6-9cf6-9750b8748498', '242e5a1a-e706-4824-905a-977767d0bb71', '2022-01-01 00:00:00');
INSERT INTO public.driver_moves (id, driver, car, date) VALUES ('a573977c-673a-426a-8a62-9e7c9ced9891', '8345df6c-8d1a-4de8-8616-23869b2b316f', '978eba5d-481b-4c9e-b44d-90f657a882f8', '2022-01-01 00:00:00');
INSERT INTO public.driver_moves (id, driver, car, date) VALUES ('2ffe1c0a-ba50-4cbc-bca4-3c142d3f822e', '8345df6c-8d1a-4de8-8616-23869b2b316f', '978eba5d-481b-4c9e-b44d-90f657a882f8', '2022-09-12 00:00:00');
INSERT INTO public.driver_moves (id, driver, car, date) VALUES ('b7c85850-154d-425e-acfe-d0668ee87e74', 'd98aaa41-6948-4216-9585-c84faedcd17c', '10977814-6cf1-4088-a5b8-b8e2fa70d0d4', '2022-01-01 00:00:00');
INSERT INTO public.driver_moves (id, driver, car, date) VALUES ('831732b5-031b-4b82-a05e-32465b1d557f', '59dc6702-fde8-4b2f-b04e-1a0f8ffebe38', 'ecc7854d-5aae-42e7-a1d7-19081677f431', '2022-01-01 00:00:00');
INSERT INTO public.driver_moves (id, driver, car, date) VALUES ('8634a1ee-9de5-4678-b2e3-cf7bc9f54579', '0c7f0cf0-8d2f-438f-b1d8-c15be2e8cc96', '5d9a78a4-7cd5-4452-8dc4-d054d6786daa', '2022-01-01 00:00:00');
INSERT INTO public.driver_moves (id, driver, car, date) VALUES ('19d0be81-7660-4cdf-b8e2-8b6a6584961d', '886072d0-3f71-44d9-a28e-5d1120b34239', 'ada74a80-0a02-43a3-95ad-fd00dfef1683', '2022-01-01 00:00:00');
INSERT INTO public.driver_moves (id, driver, car, date) VALUES ('93c7790f-d413-4420-aca4-d68f0fad6bfb', 'b480ff53-a91e-49bb-8de2-ba673501982f', '782bf361-8ecc-4da3-b097-a97e0c5e4b48', '2022-01-01 00:00:00');
INSERT INTO public.driver_moves (id, driver, car, date) VALUES ('641fd1a6-3004-4e25-be5a-1d57c4199d1e', 'caf2d7ff-8372-4043-b79d-e2062d799da6', '6bd4fc55-89fd-4a61-9fa9-bbfbbdfd2de7', '2022-01-01 00:00:00');
INSERT INTO public.driver_moves (id, driver, car, date) VALUES ('d10136d0-d679-41da-9b2e-cf23a33e1096', '4da2cb59-5bc4-4502-983c-8ab5ba156f78', '4401843f-8fb1-40c0-8256-34086a0823d5', '2022-01-01 00:00:00');
INSERT INTO public.driver_moves (id, driver, car, date) VALUES ('14d11666-fb50-4893-9452-232170f1b5bc', '043f15b7-7e92-4a7e-8e2d-08db6ae3c283', 'bd096779-7175-4b01-9cd8-4d7393eb556b', '2022-01-01 00:00:00');
INSERT INTO public.driver_moves (id, driver, car, date) VALUES ('74f611b3-aa4a-41df-98da-4e4c33a0c011', '368de2ea-cc01-412e-a670-65f3512daf10', '8ed1a44c-063c-480c-8881-ff8162341f58', '2022-01-01 00:00:00');
INSERT INTO public.driver_moves (id, driver, car, date) VALUES ('7fce524e-d625-4e58-87b0-c24141d0d679', 'b8242bfc-831e-41d3-99ca-a15906bef28b', '4eae9d76-8c8a-4038-ae0f-f8439962d04d', '2022-01-01 00:00:00');
INSERT INTO public.driver_moves (id, driver, car, date) VALUES ('f66c4aad-f065-483a-b894-312f6e4b77cb', '72dbaa68-4dc3-4087-90b0-8153cb441738', '4b3c6596-3b68-449f-8883-492bf3792cc8', '2022-01-01 00:00:00');
INSERT INTO public.driver_moves (id, driver, car, date) VALUES ('0b8a29ef-b73a-4015-8b76-3d9ba84318b8', '92bba624-1864-4053-8c7f-7f1ea6709063', '1ef5aca1-e0bc-4252-942b-d8a53ea51ca0', '2022-01-01 00:00:00');
INSERT INTO public.driver_moves (id, driver, car, date) VALUES ('be112b60-4922-40e0-8e6e-f26a976ea568', '5db217dc-d298-479e-ac24-0e2e0178d30a', 'c69289d7-1fa4-4d5d-9062-d4e8c9006359', '2022-01-01 00:00:00');
INSERT INTO public.driver_moves (id, driver, car, date) VALUES ('15677068-3205-47a3-a86a-45a08c407e98', '494f6b1d-7622-4032-bf04-182a0dee404e', 'b56ede6e-8211-492f-b639-762ec367e0dc', '2022-01-01 00:00:00');
INSERT INTO public.driver_moves (id, driver, car, date) VALUES ('8ce73ef3-df08-4b24-b725-3972fea0d6ba', '93cd5944-2646-4681-ba0c-fe24be31a2d7', '0e968bbf-c046-4116-9409-19c65ad381b3', '2022-01-01 00:00:00');
INSERT INTO public.driver_moves (id, driver, car, date) VALUES ('34170647-59f6-442e-95cd-b5524bf6e031', '88038686-7a0e-4d23-8043-93e56e48a804', '0b2b5f17-6e4d-4486-8f10-2336d392dddc', '2022-01-01 00:00:00');
INSERT INTO public.driver_moves (id, driver, car, date) VALUES ('0b92fa88-5708-4721-af62-4dd193cdfd18', 'f3296964-0bf7-4ad6-aa47-3fc349d66720', '953f13a4-5f6b-4da6-a23a-147d7e27739c', '2022-09-05 00:00:00');
INSERT INTO public.driver_moves (id, driver, car, date) VALUES ('2f92f4b4-2bd6-4bd2-a178-893db680d104', '368de2ea-cc01-412e-a670-65f3512daf10', 'eb970384-3630-4620-87b3-bdf0f2f4384c', '2023-01-01 00:00:00');
INSERT INTO public.driver_moves (id, driver, car, date) VALUES ('b3ab0b0f-2b58-4016-93c5-583d636b34ed', '93cd5944-2646-4681-ba0c-fe24be31a2d7', '8c481614-90d4-4178-928f-591294d2caef', '2023-01-01 00:00:00');
INSERT INTO public.driver_moves (id, driver, car, date) VALUES ('cc04e48c-eee1-4f11-9152-e4534bef0836', 'f3296964-0bf7-4ad6-aa47-3fc349d66720', 'a490d12e-2720-429f-8c88-fbb63faccc2c', '2023-01-01 00:00:00');
INSERT INTO public.driver_moves (id, driver, car, date) VALUES ('d2502f92-4b5e-4ea2-bff8-cfe3eb290e76', '4da2cb59-5bc4-4502-983c-8ab5ba156f78', 'c064d0a4-4392-4b9e-9f3d-1684f542edb9', '2023-01-01 00:00:00');
INSERT INTO public.driver_moves (id, driver, car, date) VALUES ('5c02960d-d73f-4909-92e9-93d5a5224f30', 'd98aaa41-6948-4216-9585-c84faedcd17c', '47ff7165-fb78-4672-88f3-a476463ecd7e', '2023-01-01 00:00:00');
INSERT INTO public.driver_moves (id, driver, car, date) VALUES ('52b35b8b-d194-4fc2-994a-efbb5736fa75', 'b8242bfc-831e-41d3-99ca-a15906bef28b', 'ec7726a2-8144-40c4-a9a8-510a4e48fcb8', '2023-01-01 00:00:00');
INSERT INTO public.driver_moves (id, driver, car, date) VALUES ('e42dc988-1dee-4f20-b55a-aaa5d2d34355', '0c7f0cf0-8d2f-438f-b1d8-c15be2e8cc96', '701d5d67-322a-4698-807e-790dc36ef2c9', '2023-01-01 00:00:00');
INSERT INTO public.driver_moves (id, driver, car, date) VALUES ('7a43e40e-3eb4-43ee-a984-b785a2530f74', 'b480ff53-a91e-49bb-8de2-ba673501982f', '6f18d71b-2d3c-452a-be0e-2851bc4df46e', '2023-01-01 00:00:00');
INSERT INTO public.driver_moves (id, driver, car, date) VALUES ('0241b657-b8c6-4557-a217-c4315a1ee50f', '886072d0-3f71-44d9-a28e-5d1120b34239', '4d80e144-7260-4c17-a36b-842a59ddd3c7', '2023-01-01 00:00:00');
INSERT INTO public.driver_moves (id, driver, car, date) VALUES ('946efa8e-56e8-4dea-b0a5-4d2d08049642', '5db217dc-d298-479e-ac24-0e2e0178d30a', 'c58d852c-0475-48fa-8064-b078b5ef92ba', '2023-01-01 00:00:00');
INSERT INTO public.driver_moves (id, driver, car, date) VALUES ('2c2a9200-ff38-4e36-9d2a-b27adeb0252c', 'caf2d7ff-8372-4043-b79d-e2062d799da6', 'cc7a3100-8dae-40e1-bae2-119fa42c2901', '2023-01-01 00:00:00');
INSERT INTO public.driver_moves (id, driver, car, date) VALUES ('bff18e66-62ba-46a3-a314-abff7f63e852', '88038686-7a0e-4d23-8043-93e56e48a804', '33ad85b8-1c68-4cbf-8a88-0c10ed6cbf83', '2023-01-01 00:00:00');
INSERT INTO public.driver_moves (id, driver, car, date) VALUES ('fcb1d05f-52c0-469d-9b0b-159915586803', 'f4c60528-4f64-47d0-b460-15c0ec4d69fe', 'db0a5c33-5af5-42af-8b9a-c6470e9d085d', '2023-01-01 00:00:00');
INSERT INTO public.driver_moves (id, driver, car, date) VALUES ('0fde5fd7-da20-49bb-9e7c-8501161028e1', '1dfe05c7-7693-4a94-9333-54ebd485916a', 'e0b6d951-9f75-4d7d-9f7a-c5dc48a796c8', '2023-01-01 00:00:00');
INSERT INTO public.driver_moves (id, driver, car, date) VALUES ('3ff0710e-1a96-427f-a2b9-2b2b5b85137c', '72dbaa68-4dc3-4087-90b0-8153cb441738', 'db82c1a8-df57-4573-ba00-c053b0dba526', '2023-01-01 00:00:00');
INSERT INTO public.driver_moves (id, driver, car, date) VALUES ('b8da1b1a-4912-4c55-8370-dd3d7b871d6d', '494f6b1d-7622-4032-bf04-182a0dee404e', 'af083867-6b05-4dc2-8ed0-25464f0232ec', '2023-01-01 00:00:00');
INSERT INTO public.driver_moves (id, driver, car, date) VALUES ('575abfb7-2158-453b-b470-569d65e4ccaa', '376f88ca-b07a-4802-b117-799421598d03', '0f4b7fc5-c714-41d1-b860-7aaf226057cf', '2023-01-01 00:00:00');
INSERT INTO public.driver_moves (id, driver, car, date) VALUES ('a538b3e6-5b2d-42fc-8139-e27ba182275e', '59dc6702-fde8-4b2f-b04e-1a0f8ffebe38', 'd45c62d1-de1e-441e-bfc5-9349ba814465', '2023-01-01 00:00:00');
INSERT INTO public.driver_moves (id, driver, car, date) VALUES ('1b9daef2-53a4-4fd3-8d74-c355d647ef25', 'c0b2c74e-762e-4b0e-8875-cbaf7fab4717', '56073ab5-f373-478f-a041-d734e0af0f0f', '2023-01-01 00:00:00');
INSERT INTO public.driver_moves (id, driver, car, date) VALUES ('ccf4fbe2-8ca6-4e4c-9a10-3bbe98197c6f', '043f15b7-7e92-4a7e-8e2d-08db6ae3c283', '86bd6f56-be33-411b-bafc-d2254eb67a27', '2023-01-01 00:00:00');


--
-- Data for Name: venues; Type: TABLE DATA; Schema: public; Owner: app
--

INSERT INTO public.venues (id, name, country) VALUES ('409bb6eb-aaaf-48b9-9012-07bc9628ffe2', 'Bahrain International Circuit', 'db5dc596-45b7-4586-9ee3-95221f0ccb84');
INSERT INTO public.venues (id, name, country) VALUES ('e400d424-2bee-47ab-a1f3-637823129f88', 'Jeddah Street Circuit', 'ab04aa06-b392-4f16-8615-afdd2bf561bc');
INSERT INTO public.venues (id, name, country) VALUES ('a9cbe6b1-e38f-417c-b206-824fc7ae1f7c', 'Melbourne Grand Prix Circuit', 'b94997db-940a-4ddc-a133-a4140d168b94');
INSERT INTO public.venues (id, name, country) VALUES ('ef313471-20cc-42c3-91eb-9d079a7f7b03', 'Autodromo Internazionale Enzo e Dino Ferrari', '87afcfd4-a08c-47bf-8d96-e903b34f6c39');
INSERT INTO public.venues (id, name, country) VALUES ('c2116751-22ca-40d1-bf2f-2fd30ab0cd18', 'Miami International Autodrome', '73d7cf5c-6add-46cb-a97a-4757c6b7764c');
INSERT INTO public.venues (id, name, country) VALUES ('d2f04839-e8de-484a-98f7-beda803d4239', 'Circuit de Barcelona-Catalunya', '0a7c4ba4-b3a0-4219-a5bd-6466750441a5');
INSERT INTO public.venues (id, name, country) VALUES ('7242a078-f76c-4166-8658-70eb8fc909a0', 'Circuit de Monaco', '5ef1a30f-7f85-493a-8db9-265c10c435d7');
INSERT INTO public.venues (id, name, country) VALUES ('13d8a8ce-074f-487c-b514-fd109f62934b', 'Baku City Circuit', '237e1373-7a68-4841-b541-d17f340aa003');
INSERT INTO public.venues (id, name, country) VALUES ('89c1ba61-c777-461e-9abc-c524c34a3b68', 'Circuit Gilles-Villeneuve', '7f49f09b-f1f7-4312-b5d0-e8be78e10f01');
INSERT INTO public.venues (id, name, country) VALUES ('0965e59b-fe6f-4799-8239-01f95d665ef4', 'Silverstone Circuit', '849c2feb-208f-40f7-b719-131e34082381');
INSERT INTO public.venues (id, name, country) VALUES ('0455078c-93a1-41c1-ac3a-6149908b04fa', 'Red Bull Ring', '958ffab0-d0ec-4e0d-bcf5-990ec9b0f3a3');
INSERT INTO public.venues (id, name, country) VALUES ('05c6b668-ef04-4412-9a1f-46cf8c1aabbf', 'Circuit Paul Ricard', '606e0956-7707-43b4-a065-57f59a6b2885');
INSERT INTO public.venues (id, name, country) VALUES ('90cf17ad-29f6-43c1-999a-84674b0c758f', 'Hungaroring', 'ea893e30-9517-4613-a713-6228782141c9');
INSERT INTO public.venues (id, name, country) VALUES ('c85b066e-72fe-41e9-b787-3cb4c6ca5de9', 'Circuit de Spa Francorchamps', '2801dba5-19e5-4557-acce-3829546e7639');
INSERT INTO public.venues (id, name, country) VALUES ('6d6cf63e-751d-4153-bff4-354ab70951fb', 'Circuit Zandvoort', 'b16cab89-6df3-4e96-8858-1ef550e6c946');
INSERT INTO public.venues (id, name, country) VALUES ('9d5146df-6054-4238-bb63-897d1f4dcc2b', 'Autodromo Nazionale Monza', '87afcfd4-a08c-47bf-8d96-e903b34f6c39');
INSERT INTO public.venues (id, name, country) VALUES ('bd9bf718-17d4-4f9b-b3ee-5f95b6155611', 'Marina Bay Street Circuit', 'cdd3df0f-920c-4854-abfe-46dc2bbe683b');
INSERT INTO public.venues (id, name, country) VALUES ('71ed29b0-1ec8-4402-8d85-65e1ed6d7eef', 'Circuit of the Americas', '73d7cf5c-6add-46cb-a97a-4757c6b7764c');
INSERT INTO public.venues (id, name, country) VALUES ('415d0c44-0804-445c-9579-56fe5e976dd5', 'Autodromo Hermanos Rodriguez', '98d0e3cd-d803-4517-9cdb-7feb82b0422b');
INSERT INTO public.venues (id, name, country) VALUES ('9cc0ccc4-504c-423d-a16e-24c951d36a4b', 'Autódromo José Carlos Pace', '9157eea3-8a50-4a8c-a139-8310731c0d65');
INSERT INTO public.venues (id, name, country) VALUES ('508affbb-0506-4423-9fe3-725b49d95274', 'Yas Marina Circuit', 'ab2b5530-da66-453a-8833-1b1857f3e54c');
INSERT INTO public.venues (id, name, country) VALUES ('bf8dc1d2-760f-468f-93ad-046230923184', 'Suzuka International Racing Course', '29e86eef-3917-4352-afbb-9407f33ec479');
INSERT INTO public.venues (id, name, country) VALUES ('5a7e687f-8943-418d-b2c2-5ba3baaf7a76', 'Lusail International Circuit', 'ce2cd790-5d26-41ff-99a8-82abba8b49e6');
INSERT INTO public.venues (id, name, country) VALUES ('4a9094cd-fadd-47c9-86be-7cb7a8f9e89e', 'Las Vegas', '73d7cf5c-6add-46cb-a97a-4757c6b7764c');


--
-- Data for Name: events; Type: TABLE DATA; Schema: public; Owner: app
--

INSERT INTO public.events (id, season, venue, index, label) VALUES ('51d9d255-07ec-4934-a314-d8f47302d0b7', '28137908-06e4-4346-b309-c4c04dda4e10', '409bb6eb-aaaf-48b9-9012-07bc9628ffe2', 0, 'Gulf Air Bahrain Grand Prix');
INSERT INTO public.events (id, season, venue, index, label) VALUES ('d41a2e1d-ac4e-42e9-a72d-54abd0620887', '28137908-06e4-4346-b309-c4c04dda4e10', 'e400d424-2bee-47ab-a1f3-637823129f88', 1, 'STC Saudi Arabian GP');
INSERT INTO public.events (id, season, venue, index, label) VALUES ('31939543-3a9f-45f4-aa4e-78f8f2aade70', '28137908-06e4-4346-b309-c4c04dda4e10', 'a9cbe6b1-e38f-417c-b206-824fc7ae1f7c', 2, 'Heineken Australian GP');
INSERT INTO public.events (id, season, venue, index, label) VALUES ('b7941e54-d8a0-4785-85b4-36316bff4b71', '28137908-06e4-4346-b309-c4c04dda4e10', 'ef313471-20cc-42c3-91eb-9d079a7f7b03', 3, 'Rolex Emilia Romagna GP');
INSERT INTO public.events (id, season, venue, index, label) VALUES ('2f11aff6-baae-4bd6-9426-678cc33281e0', '28137908-06e4-4346-b309-c4c04dda4e10', 'c2116751-22ca-40d1-bf2f-2fd30ab0cd18', 4, 'Crypto.com Miami GP');
INSERT INTO public.events (id, season, venue, index, label) VALUES ('b3f67443-31cb-4263-84b3-e861ddba4e4b', '28137908-06e4-4346-b309-c4c04dda4e10', 'd2f04839-e8de-484a-98f7-beda803d4239', 5, 'Pirelli Spanish GP');
INSERT INTO public.events (id, season, venue, index, label) VALUES ('6afbb5e2-e169-411f-9f30-e1919f4fbb6a', '28137908-06e4-4346-b309-c4c04dda4e10', '7242a078-f76c-4166-8658-70eb8fc909a0', 6, 'Monaco GP');
INSERT INTO public.events (id, season, venue, index, label) VALUES ('226da250-a350-457d-864d-ebe8f47d9f73', '28137908-06e4-4346-b309-c4c04dda4e10', '13d8a8ce-074f-487c-b514-fd109f62934b', 7, 'Azerbaijan GP');
INSERT INTO public.events (id, season, venue, index, label) VALUES ('967cb75d-60f6-4998-9e60-ba45e94c3ee8', '28137908-06e4-4346-b309-c4c04dda4e10', '89c1ba61-c777-461e-9abc-c524c34a3b68', 8, 'AWS Canada GP');
INSERT INTO public.events (id, season, venue, index, label) VALUES ('5565ab3f-ee96-474f-a266-b1a83885aaa9', '28137908-06e4-4346-b309-c4c04dda4e10', '0965e59b-fe6f-4799-8239-01f95d665ef4', 9, 'Lenovo British GP');
INSERT INTO public.events (id, season, venue, index, label) VALUES ('f5aabd63-10dc-4bf7-908f-b78b48cfe866', '28137908-06e4-4346-b309-c4c04dda4e10', '0455078c-93a1-41c1-ac3a-6149908b04fa', 10, 'Rolex Austrian GP');
INSERT INTO public.events (id, season, venue, index, label) VALUES ('fcbe8a95-ab56-4ec6-815b-e12e3d3eda54', '28137908-06e4-4346-b309-c4c04dda4e10', '05c6b668-ef04-4412-9a1f-46cf8c1aabbf', 11, 'Lenovo French GP');
INSERT INTO public.events (id, season, venue, index, label) VALUES ('20f33cc2-edf0-462d-813f-3c88853c5935', '28137908-06e4-4346-b309-c4c04dda4e10', '90cf17ad-29f6-43c1-999a-84674b0c758f', 12, 'Aramco Hungarian GP');
INSERT INTO public.events (id, season, venue, index, label) VALUES ('9edfaf1e-6fe2-44ba-92fb-0b946fc64f59', '28137908-06e4-4346-b309-c4c04dda4e10', 'c85b066e-72fe-41e9-b787-3cb4c6ca5de9', 13, 'Rolex Belgian GP');
INSERT INTO public.events (id, season, venue, index, label) VALUES ('1c6c16fb-e472-48d3-8bc6-7000a342f881', '28137908-06e4-4346-b309-c4c04dda4e10', '6d6cf63e-751d-4153-bff4-354ab70951fb', 14, 'Heineken Dutch GP');
INSERT INTO public.events (id, season, venue, index, label) VALUES ('dd2bc70a-71d8-48c2-b36e-01a765d7a5e9', '28137908-06e4-4346-b309-c4c04dda4e10', '9d5146df-6054-4238-bb63-897d1f4dcc2b', 15, 'Pirelli Italian GP');
INSERT INTO public.events (id, season, venue, index, label) VALUES ('1ca163e0-f93a-41e0-b935-ebd1ea86bf97', '28137908-06e4-4346-b309-c4c04dda4e10', 'bd9bf718-17d4-4f9b-b3ee-5f95b6155611', 16, 'Singapore Air Singapore GP');
INSERT INTO public.events (id, season, venue, index, label) VALUES ('44d55619-b5ca-4d9d-b33d-293cd87272af', '28137908-06e4-4346-b309-c4c04dda4e10', 'bf8dc1d2-760f-468f-93ad-046230923184', 17, 'Honda Japanese GP');
INSERT INTO public.events (id, season, venue, index, label) VALUES ('c83f5cc3-47ed-46b6-baeb-3bfe254b5647', '28137908-06e4-4346-b309-c4c04dda4e10', '71ed29b0-1ec8-4402-8d85-65e1ed6d7eef', 18, 'Aramco United States GP');
INSERT INTO public.events (id, season, venue, index, label) VALUES ('384ca8e9-9563-4908-b487-024f0653a0cc', '28137908-06e4-4346-b309-c4c04dda4e10', '415d0c44-0804-445c-9579-56fe5e976dd5', 19, 'Mexico GP');
INSERT INTO public.events (id, season, venue, index, label) VALUES ('9165f124-a621-476f-a419-d1fc4727ac27', '28137908-06e4-4346-b309-c4c04dda4e10', '9cc0ccc4-504c-423d-a16e-24c951d36a4b', 20, 'Heineken Brazil GP');
INSERT INTO public.events (id, season, venue, index, label) VALUES ('debaeb4c-92e5-4309-9004-e85727ff7b12', '28137908-06e4-4346-b309-c4c04dda4e10', '508affbb-0506-4423-9fe3-725b49d95274', 21, 'Etihad Airways Abu Dhabi GP');
INSERT INTO public.events (id, season, venue, index, label) VALUES ('91fd7aca-83ab-456f-9142-53697c355c76', '50093d15-7156-4cee-874c-97e531511dc6', '409bb6eb-aaaf-48b9-9012-07bc9628ffe2', 0, 'Aramco Pre-Season Testing');
INSERT INTO public.events (id, season, venue, index, label) VALUES ('ad730445-6797-444c-9232-4f8c531a49a1', '50093d15-7156-4cee-874c-97e531511dc6', '409bb6eb-aaaf-48b9-9012-07bc9628ffe2', 1, 'Gulf Bahrain GP');
INSERT INTO public.events (id, season, venue, index, label) VALUES ('4c5b906c-7485-4e48-aaf0-538aec307bf8', '50093d15-7156-4cee-874c-97e531511dc6', 'e400d424-2bee-47ab-a1f3-637823129f88', 2, 'STC Saudi Arabian GP');
INSERT INTO public.events (id, season, venue, index, label) VALUES ('2a8051a2-0575-4618-b90b-6bd45f6730db', '50093d15-7156-4cee-874c-97e531511dc6', 'a9cbe6b1-e38f-417c-b206-824fc7ae1f7c', 3, 'Rolex Australian GP');
INSERT INTO public.events (id, season, venue, index, label) VALUES ('78c22dd9-be1e-4945-960c-01658201044d', '50093d15-7156-4cee-874c-97e531511dc6', '13d8a8ce-074f-487c-b514-fd109f62934b', 4, 'Azerbaijan GP');
INSERT INTO public.events (id, season, venue, index, label) VALUES ('954f773a-dde5-4636-b766-0854419872bb', '50093d15-7156-4cee-874c-97e531511dc6', 'c2116751-22ca-40d1-bf2f-2fd30ab0cd18', 5, 'Crypto.com Miami GP');
INSERT INTO public.events (id, season, venue, index, label) VALUES ('7681d69c-031d-4dd5-b0e7-297d2d1bfda9', '50093d15-7156-4cee-874c-97e531511dc6', 'ef313471-20cc-42c3-91eb-9d079a7f7b03', 6, 'Emilia Romagna GP');
INSERT INTO public.events (id, season, venue, index, label) VALUES ('09318e72-4327-4e63-8e9d-1b5f3d99fa4d', '50093d15-7156-4cee-874c-97e531511dc6', '7242a078-f76c-4166-8658-70eb8fc909a0', 7, 'Grand Prix de Monaco');
INSERT INTO public.events (id, season, venue, index, label) VALUES ('485fb859-40e6-452f-bb39-e08ad61b91d9', '50093d15-7156-4cee-874c-97e531511dc6', 'd2f04839-e8de-484a-98f7-beda803d4239', 8, 'AWS Gran Premio de España');
INSERT INTO public.events (id, season, venue, index, label) VALUES ('c921f7b9-d477-479f-8aa0-2a476624ee12', '50093d15-7156-4cee-874c-97e531511dc6', '89c1ba61-c777-461e-9abc-c524c34a3b68', 9, 'Pirelli Grand Prix du Canada');
INSERT INTO public.events (id, season, venue, index, label) VALUES ('885e9dd1-5abe-428e-8019-f603ceae0685', '50093d15-7156-4cee-874c-97e531511dc6', '0455078c-93a1-41c1-ac3a-6149908b04fa', 10, 'Grosser Preis Von Österreich');
INSERT INTO public.events (id, season, venue, index, label) VALUES ('13ac76b8-a636-4914-b76b-e84a939424cf', '50093d15-7156-4cee-874c-97e531511dc6', '0965e59b-fe6f-4799-8239-01f95d665ef4', 11, 'Aramco British GP');
INSERT INTO public.events (id, season, venue, index, label) VALUES ('c96020a3-16f1-40cf-9bb5-ae4c34ca2dfa', '50093d15-7156-4cee-874c-97e531511dc6', '90cf17ad-29f6-43c1-999a-84674b0c758f', 12, 'Hungarian GP');
INSERT INTO public.events (id, season, venue, index, label) VALUES ('35246f2b-ec9a-43dc-aa33-d92250fde07f', '50093d15-7156-4cee-874c-97e531511dc6', 'c85b066e-72fe-41e9-b787-3cb4c6ca5de9', 13, 'Belgian GP');
INSERT INTO public.events (id, season, venue, index, label) VALUES ('4fafd909-d7c4-4a29-b0be-b4d46a6266f4', '50093d15-7156-4cee-874c-97e531511dc6', '6d6cf63e-751d-4153-bff4-354ab70951fb', 14, 'Heineken Dutch GP');
INSERT INTO public.events (id, season, venue, index, label) VALUES ('0e3e5120-29e9-48cb-bd93-abb75c03acdc', '50093d15-7156-4cee-874c-97e531511dc6', '9d5146df-6054-4238-bb63-897d1f4dcc2b', 15, 'Pirelli Gran Premio D''Italia');
INSERT INTO public.events (id, season, venue, index, label) VALUES ('68dc4465-976b-4b05-85b3-a726f0938b4a', '50093d15-7156-4cee-874c-97e531511dc6', 'bf8dc1d2-760f-468f-93ad-046230923184', 17, 'Lenovo Japanese GP');
INSERT INTO public.events (id, season, venue, index, label) VALUES ('dac38989-9a52-4812-87d9-e7074a4484e4', '50093d15-7156-4cee-874c-97e531511dc6', '5a7e687f-8943-418d-b2c2-5ba3baaf7a76', 18, 'Qatar GP');
INSERT INTO public.events (id, season, venue, index, label) VALUES ('688a4832-32f7-47b6-b45b-2e7b9f6a5f19', '50093d15-7156-4cee-874c-97e531511dc6', '71ed29b0-1ec8-4402-8d85-65e1ed6d7eef', 19, 'Lenovo United States GP');
INSERT INTO public.events (id, season, venue, index, label) VALUES ('58882396-4113-4643-96ec-4538b194a38c', '50093d15-7156-4cee-874c-97e531511dc6', '415d0c44-0804-445c-9579-56fe5e976dd5', 20, 'Gran Premio de la Ciudad de México');
INSERT INTO public.events (id, season, venue, index, label) VALUES ('3bf31a09-736d-4320-8032-e4bf48eaa266', '50093d15-7156-4cee-874c-97e531511dc6', '4a9094cd-fadd-47c9-86be-7cb7a8f9e89e', 22, 'Heineken Silver Las Vegas GP');
INSERT INTO public.events (id, season, venue, index, label) VALUES ('4f00b004-429c-4900-8b00-3e47a9760279', '50093d15-7156-4cee-874c-97e531511dc6', 'bd9bf718-17d4-4f9b-b3ee-5f95b6155611', 16, 'Singapore Airlines Singapore GP');
INSERT INTO public.events (id, season, venue, index, label) VALUES ('c1c9a8e7-ef72-4a41-b483-91242633534b', '50093d15-7156-4cee-874c-97e531511dc6', '508affbb-0506-4423-9fe3-725b49d95274', 23, 'Etihad Airways Abu Dhabi GP');
INSERT INTO public.events (id, season, venue, index, label) VALUES ('e1463a2d-b2e5-4b37-b400-e7af50bcfad5', '50093d15-7156-4cee-874c-97e531511dc6', '9cc0ccc4-504c-423d-a16e-24c951d36a4b', 21, 'Rolex Grande Prêmio de São Paulo');


--
-- Data for Name: driver_standings; Type: TABLE DATA; Schema: public; Owner: app
--



--
-- Data for Name: step_types; Type: TABLE DATA; Schema: public; Owner: app
--

INSERT INTO public.step_types (id, label) VALUES ('a10f354f-b35d-4e0a-88cf-e1a6ebe82d75', 'Practice 1');
INSERT INTO public.step_types (id, label) VALUES ('2f1ef80d-3eaa-42b2-87f4-bf36da2d8e06', 'Practice 2');
INSERT INTO public.step_types (id, label) VALUES ('3da29b08-635d-4400-97b5-261978b92ef1', 'Practice 3');
INSERT INTO public.step_types (id, label) VALUES ('3c56e36c-14f8-4c69-8976-c22105359e5a', 'Qualifying');
INSERT INTO public.step_types (id, label) VALUES ('b3418e4c-73dc-4304-b45a-c64bc9fb3f27', 'Race');
INSERT INTO public.step_types (id, label) VALUES ('2848eaca-c593-4b97-95de-6b71c114b0b5', 'Sprint Qualifying');
INSERT INTO public.step_types (id, label) VALUES ('c18bc57f-decf-4747-9c94-35da22b064dd', 'Testing Day 2');
INSERT INTO public.step_types (id, label) VALUES ('fe338f15-30ff-4d25-9afb-69d1cddd4ea1', 'Testing Day 1');
INSERT INTO public.step_types (id, label) VALUES ('b3c7ae16-eb2e-49b7-8734-1058db189a96', 'Testing Day 3');
INSERT INTO public.step_types (id, label) VALUES ('ac38384c-2789-4c16-89d1-ecdd338ef198', 'Qualifying Qualifying');


--
-- Data for Name: event_steps; Type: TABLE DATA; Schema: public; Owner: app
--

INSERT INTO public.event_steps (id, event, type, date_time) VALUES ('4e1fbe33-4680-48ad-81d7-264d437bce19', '51d9d255-07ec-4934-a314-d8f47302d0b7', 'a10f354f-b35d-4e0a-88cf-e1a6ebe82d75', '2022-03-18 12:00:00');
INSERT INTO public.event_steps (id, event, type, date_time) VALUES ('87e39c11-e094-40e7-8ccd-487a04ed4864', '51d9d255-07ec-4934-a314-d8f47302d0b7', '2f1ef80d-3eaa-42b2-87f4-bf36da2d8e06', '2022-03-18 15:00:00');
INSERT INTO public.event_steps (id, event, type, date_time) VALUES ('727ce9cc-6792-4133-a3c3-bf3d3dcb2481', '51d9d255-07ec-4934-a314-d8f47302d0b7', '3da29b08-635d-4400-97b5-261978b92ef1', '2022-03-19 12:00:00');
INSERT INTO public.event_steps (id, event, type, date_time) VALUES ('5d9e5f7b-e9d1-49ba-950d-a702e367f718', '51d9d255-07ec-4934-a314-d8f47302d0b7', '3c56e36c-14f8-4c69-8976-c22105359e5a', '2022-03-19 15:00:00');
INSERT INTO public.event_steps (id, event, type, date_time) VALUES ('335e83b4-82ec-4a83-b0ad-5e986fa70fb6', '51d9d255-07ec-4934-a314-d8f47302d0b7', 'b3418e4c-73dc-4304-b45a-c64bc9fb3f27', '2022-03-20 15:00:00');
INSERT INTO public.event_steps (id, event, type, date_time) VALUES ('7408697f-df4a-43f0-824a-97df3a61f4c0', 'd41a2e1d-ac4e-42e9-a72d-54abd0620887', 'a10f354f-b35d-4e0a-88cf-e1a6ebe82d75', '2022-03-25 14:00:00');
INSERT INTO public.event_steps (id, event, type, date_time) VALUES ('86438d95-728a-4885-b6c9-7d1ba7dffe1d', 'd41a2e1d-ac4e-42e9-a72d-54abd0620887', '2f1ef80d-3eaa-42b2-87f4-bf36da2d8e06', '2022-03-25 17:00:00');
INSERT INTO public.event_steps (id, event, type, date_time) VALUES ('ee73fc10-a441-4617-b0c5-5f3a22dd6eb6', 'd41a2e1d-ac4e-42e9-a72d-54abd0620887', '3da29b08-635d-4400-97b5-261978b92ef1', '2022-03-26 14:00:00');
INSERT INTO public.event_steps (id, event, type, date_time) VALUES ('15b4688c-1d11-41b3-bfa2-d1814a6eeb77', 'd41a2e1d-ac4e-42e9-a72d-54abd0620887', '3c56e36c-14f8-4c69-8976-c22105359e5a', '2022-03-26 17:00:00');
INSERT INTO public.event_steps (id, event, type, date_time) VALUES ('66ce89ce-6150-4db7-928e-80e7dccfdb87', 'd41a2e1d-ac4e-42e9-a72d-54abd0620887', 'b3418e4c-73dc-4304-b45a-c64bc9fb3f27', '2022-03-27 17:00:00');
INSERT INTO public.event_steps (id, event, type, date_time) VALUES ('0775b751-252c-48ec-be72-0f8b46b32e2f', '31939543-3a9f-45f4-aa4e-78f8f2aade70', '2f1ef80d-3eaa-42b2-87f4-bf36da2d8e06', '2022-04-08 06:00:00');
INSERT INTO public.event_steps (id, event, type, date_time) VALUES ('ff84931d-95b4-4d31-943f-497afa69ce23', '226da250-a350-457d-864d-ebe8f47d9f73', '3c56e36c-14f8-4c69-8976-c22105359e5a', '2022-06-11 14:00:00');
INSERT INTO public.event_steps (id, event, type, date_time) VALUES ('c3f0274c-ba39-4884-a93d-186979bf134a', '31939543-3a9f-45f4-aa4e-78f8f2aade70', 'a10f354f-b35d-4e0a-88cf-e1a6ebe82d75', '2022-04-08 03:00:00');
INSERT INTO public.event_steps (id, event, type, date_time) VALUES ('caefc3b3-f622-44c1-beaf-9c267406f372', '31939543-3a9f-45f4-aa4e-78f8f2aade70', '3da29b08-635d-4400-97b5-261978b92ef1', '2022-04-09 03:00:00');
INSERT INTO public.event_steps (id, event, type, date_time) VALUES ('2b461fad-ce83-4bf6-8f3f-f74241ecaf84', '31939543-3a9f-45f4-aa4e-78f8f2aade70', '3c56e36c-14f8-4c69-8976-c22105359e5a', '2022-04-09 06:00:00');
INSERT INTO public.event_steps (id, event, type, date_time) VALUES ('c6e5d69a-9dd5-40c2-8245-abe5eb311476', '31939543-3a9f-45f4-aa4e-78f8f2aade70', 'b3418e4c-73dc-4304-b45a-c64bc9fb3f27', '2022-04-10 05:00:00');
INSERT INTO public.event_steps (id, event, type, date_time) VALUES ('0207dcae-1a26-449e-8207-0e6df01ed960', 'b7941e54-d8a0-4785-85b4-36316bff4b71', 'a10f354f-b35d-4e0a-88cf-e1a6ebe82d75', '2022-04-22 11:30:00');
INSERT INTO public.event_steps (id, event, type, date_time) VALUES ('bddbb6b4-e15a-48b8-9aca-a0d028bb7201', 'b7941e54-d8a0-4785-85b4-36316bff4b71', '3c56e36c-14f8-4c69-8976-c22105359e5a', '2022-04-22 15:00:00');
INSERT INTO public.event_steps (id, event, type, date_time) VALUES ('be5c528d-cba2-479f-8b04-dcd210407154', 'b7941e54-d8a0-4785-85b4-36316bff4b71', '2f1ef80d-3eaa-42b2-87f4-bf36da2d8e06', '2022-04-23 10:30:00');
INSERT INTO public.event_steps (id, event, type, date_time) VALUES ('39c033cc-8b28-4587-ad95-4ce334e5c3bc', 'b7941e54-d8a0-4785-85b4-36316bff4b71', '2848eaca-c593-4b97-95de-6b71c114b0b5', '2022-04-23 14:30:00');
INSERT INTO public.event_steps (id, event, type, date_time) VALUES ('e9a88ef1-6672-46ca-bf46-1957e0046fb0', 'b7941e54-d8a0-4785-85b4-36316bff4b71', 'b3418e4c-73dc-4304-b45a-c64bc9fb3f27', '2022-04-24 13:00:00');
INSERT INTO public.event_steps (id, event, type, date_time) VALUES ('83058919-fc03-4e0b-a20b-bdd71a338378', '2f11aff6-baae-4bd6-9426-678cc33281e0', 'a10f354f-b35d-4e0a-88cf-e1a6ebe82d75', '2022-05-06 18:30:00');
INSERT INTO public.event_steps (id, event, type, date_time) VALUES ('c5588b1a-7318-468b-88a9-f06e2ac3bdf0', '2f11aff6-baae-4bd6-9426-678cc33281e0', '2f1ef80d-3eaa-42b2-87f4-bf36da2d8e06', '2022-05-06 21:30:00');
INSERT INTO public.event_steps (id, event, type, date_time) VALUES ('57456d37-541a-447e-96f7-027bb18209cc', '2f11aff6-baae-4bd6-9426-678cc33281e0', '3da29b08-635d-4400-97b5-261978b92ef1', '2022-05-07 17:00:00');
INSERT INTO public.event_steps (id, event, type, date_time) VALUES ('92eaaf65-61c8-4fb0-8c45-791ba43da5e1', '2f11aff6-baae-4bd6-9426-678cc33281e0', '3c56e36c-14f8-4c69-8976-c22105359e5a', '2022-05-07 20:00:00');
INSERT INTO public.event_steps (id, event, type, date_time) VALUES ('74b8e5dd-838c-49d4-8dff-77b7dc940b98', '2f11aff6-baae-4bd6-9426-678cc33281e0', 'b3418e4c-73dc-4304-b45a-c64bc9fb3f27', '2022-05-08 19:30:00');
INSERT INTO public.event_steps (id, event, type, date_time) VALUES ('04775cb5-7fc4-4fb6-8a87-6a9a5b0c003b', 'b3f67443-31cb-4263-84b3-e861ddba4e4b', '2f1ef80d-3eaa-42b2-87f4-bf36da2d8e06', '2022-05-20 15:00:00');
INSERT INTO public.event_steps (id, event, type, date_time) VALUES ('ee6b750a-83eb-4d12-909e-b1deb292111e', 'b3f67443-31cb-4263-84b3-e861ddba4e4b', 'a10f354f-b35d-4e0a-88cf-e1a6ebe82d75', '2022-05-20 12:00:00');
INSERT INTO public.event_steps (id, event, type, date_time) VALUES ('ed57ee09-030b-483b-92d9-d63a43b7b9f8', 'b3f67443-31cb-4263-84b3-e861ddba4e4b', 'b3418e4c-73dc-4304-b45a-c64bc9fb3f27', '2022-05-22 13:00:00');
INSERT INTO public.event_steps (id, event, type, date_time) VALUES ('61f52072-6048-4500-89a9-e05bab0f5b78', 'b3f67443-31cb-4263-84b3-e861ddba4e4b', '3da29b08-635d-4400-97b5-261978b92ef1', '2022-05-21 11:00:00');
INSERT INTO public.event_steps (id, event, type, date_time) VALUES ('65200673-c8a9-4100-aea8-3d8ec3e07d0d', 'b3f67443-31cb-4263-84b3-e861ddba4e4b', '3c56e36c-14f8-4c69-8976-c22105359e5a', '2022-05-21 14:00:00');
INSERT INTO public.event_steps (id, event, type, date_time) VALUES ('491f76bd-9487-49a5-a934-98536c4da061', '6afbb5e2-e169-411f-9f30-e1919f4fbb6a', 'a10f354f-b35d-4e0a-88cf-e1a6ebe82d75', '2022-05-27 12:00:00');
INSERT INTO public.event_steps (id, event, type, date_time) VALUES ('2905ef05-c466-43f9-9f0a-c455d47b1ac3', '6afbb5e2-e169-411f-9f30-e1919f4fbb6a', '2f1ef80d-3eaa-42b2-87f4-bf36da2d8e06', '2022-05-27 15:00:00');
INSERT INTO public.event_steps (id, event, type, date_time) VALUES ('bc346ba8-6f3d-4cf6-80a5-67a1700c2b90', '6afbb5e2-e169-411f-9f30-e1919f4fbb6a', '3da29b08-635d-4400-97b5-261978b92ef1', '2022-05-28 11:00:00');
INSERT INTO public.event_steps (id, event, type, date_time) VALUES ('381d713b-9c03-4a67-8886-ff5dc1947d27', '6afbb5e2-e169-411f-9f30-e1919f4fbb6a', '3c56e36c-14f8-4c69-8976-c22105359e5a', '2022-05-28 14:00:00');
INSERT INTO public.event_steps (id, event, type, date_time) VALUES ('b3e9ef4c-9a22-4525-930d-a56cdecad111', '6afbb5e2-e169-411f-9f30-e1919f4fbb6a', 'b3418e4c-73dc-4304-b45a-c64bc9fb3f27', '2022-05-29 13:00:00');
INSERT INTO public.event_steps (id, event, type, date_time) VALUES ('a04185d0-6a3c-475d-bfa1-3ec50e279396', '226da250-a350-457d-864d-ebe8f47d9f73', 'a10f354f-b35d-4e0a-88cf-e1a6ebe82d75', '2022-06-10 11:00:00');
INSERT INTO public.event_steps (id, event, type, date_time) VALUES ('5b8afd7b-e533-43a3-9f7e-7fe58ac29d11', '226da250-a350-457d-864d-ebe8f47d9f73', '2f1ef80d-3eaa-42b2-87f4-bf36da2d8e06', '2022-06-10 14:00:00');
INSERT INTO public.event_steps (id, event, type, date_time) VALUES ('442c53cd-4109-42da-a20f-a50b72fe682d', '226da250-a350-457d-864d-ebe8f47d9f73', '3da29b08-635d-4400-97b5-261978b92ef1', '2022-06-11 11:00:00');
INSERT INTO public.event_steps (id, event, type, date_time) VALUES ('a8ebaa61-053b-4c39-b9bd-be494c5aa82a', '226da250-a350-457d-864d-ebe8f47d9f73', 'b3418e4c-73dc-4304-b45a-c64bc9fb3f27', '2022-06-12 11:00:00');
INSERT INTO public.event_steps (id, event, type, date_time) VALUES ('8496286c-bc26-4d7a-ba4e-2b89731c7eba', '967cb75d-60f6-4998-9e60-ba45e94c3ee8', 'a10f354f-b35d-4e0a-88cf-e1a6ebe82d75', '2022-06-17 18:00:00');
INSERT INTO public.event_steps (id, event, type, date_time) VALUES ('2530f627-e816-42c1-9255-bb5a23f4b923', '967cb75d-60f6-4998-9e60-ba45e94c3ee8', '2f1ef80d-3eaa-42b2-87f4-bf36da2d8e06', '2022-06-17 21:00:00');
INSERT INTO public.event_steps (id, event, type, date_time) VALUES ('cf39e5ab-4d85-4d18-9d0c-e9aeb46d1095', '967cb75d-60f6-4998-9e60-ba45e94c3ee8', '3da29b08-635d-4400-97b5-261978b92ef1', '2022-06-18 17:00:00');
INSERT INTO public.event_steps (id, event, type, date_time) VALUES ('11f50c3b-2c72-4174-af53-8eef221e0ff4', '967cb75d-60f6-4998-9e60-ba45e94c3ee8', '3c56e36c-14f8-4c69-8976-c22105359e5a', '2022-06-18 20:00:00');
INSERT INTO public.event_steps (id, event, type, date_time) VALUES ('99d4c260-715b-4af2-b82b-1a6beac17a6d', '967cb75d-60f6-4998-9e60-ba45e94c3ee8', 'b3418e4c-73dc-4304-b45a-c64bc9fb3f27', '2022-06-19 18:00:00');
INSERT INTO public.event_steps (id, event, type, date_time) VALUES ('c91bf7ae-670a-4248-a571-61cd3a154800', '5565ab3f-ee96-474f-a266-b1a83885aaa9', 'a10f354f-b35d-4e0a-88cf-e1a6ebe82d75', '2022-07-01 12:00:00');
INSERT INTO public.event_steps (id, event, type, date_time) VALUES ('c3aabafa-e984-4d37-8618-11dcf2e4a558', '5565ab3f-ee96-474f-a266-b1a83885aaa9', '2f1ef80d-3eaa-42b2-87f4-bf36da2d8e06', '2022-07-01 15:00:00');
INSERT INTO public.event_steps (id, event, type, date_time) VALUES ('7bc6c9da-6f55-4412-b947-a03279542225', '5565ab3f-ee96-474f-a266-b1a83885aaa9', '3da29b08-635d-4400-97b5-261978b92ef1', '2022-07-02 11:00:00');
INSERT INTO public.event_steps (id, event, type, date_time) VALUES ('3a6228dd-9a7b-420d-928d-d8c4b6ee62a0', '5565ab3f-ee96-474f-a266-b1a83885aaa9', '3c56e36c-14f8-4c69-8976-c22105359e5a', '2022-07-02 14:00:00');
INSERT INTO public.event_steps (id, event, type, date_time) VALUES ('2fc09c78-4025-4e95-b8f0-84aaa413521c', '5565ab3f-ee96-474f-a266-b1a83885aaa9', 'b3418e4c-73dc-4304-b45a-c64bc9fb3f27', '2022-07-03 14:00:00');
INSERT INTO public.event_steps (id, event, type, date_time) VALUES ('0d7a764d-e6d1-4d0f-87c7-cc6b8aaa9e63', 'f5aabd63-10dc-4bf7-908f-b78b48cfe866', '3c56e36c-14f8-4c69-8976-c22105359e5a', '2022-07-08 15:00:00');
INSERT INTO public.event_steps (id, event, type, date_time) VALUES ('02524657-b6a6-44d1-afb6-9349574615b5', 'f5aabd63-10dc-4bf7-908f-b78b48cfe866', '2f1ef80d-3eaa-42b2-87f4-bf36da2d8e06', '2022-07-09 10:30:00');
INSERT INTO public.event_steps (id, event, type, date_time) VALUES ('6c65d484-4acb-4cbb-95f0-6ba00187c6af', 'f5aabd63-10dc-4bf7-908f-b78b48cfe866', '2848eaca-c593-4b97-95de-6b71c114b0b5', '2022-07-09 14:30:00');
INSERT INTO public.event_steps (id, event, type, date_time) VALUES ('50247b27-8dec-4684-be79-ce39fa564109', 'f5aabd63-10dc-4bf7-908f-b78b48cfe866', 'b3418e4c-73dc-4304-b45a-c64bc9fb3f27', '2022-07-10 13:00:00');
INSERT INTO public.event_steps (id, event, type, date_time) VALUES ('90837dd0-f9e5-4db3-8c9e-83a280916f5a', 'f5aabd63-10dc-4bf7-908f-b78b48cfe866', 'a10f354f-b35d-4e0a-88cf-e1a6ebe82d75', '2022-07-08 11:30:00');
INSERT INTO public.event_steps (id, event, type, date_time) VALUES ('12ffe553-d809-411d-946c-4f1b87135c6e', 'fcbe8a95-ab56-4ec6-815b-e12e3d3eda54', 'a10f354f-b35d-4e0a-88cf-e1a6ebe82d75', '2022-07-22 12:00:00');
INSERT INTO public.event_steps (id, event, type, date_time) VALUES ('4b28bf74-78e2-4947-ab5b-e087ad85f45e', 'fcbe8a95-ab56-4ec6-815b-e12e3d3eda54', '2f1ef80d-3eaa-42b2-87f4-bf36da2d8e06', '2022-07-22 15:00:00');
INSERT INTO public.event_steps (id, event, type, date_time) VALUES ('bf1251d3-f571-478e-8239-71631690a945', 'fcbe8a95-ab56-4ec6-815b-e12e3d3eda54', '3da29b08-635d-4400-97b5-261978b92ef1', '2022-07-23 11:00:00');
INSERT INTO public.event_steps (id, event, type, date_time) VALUES ('02b4cc72-9de0-4134-a04d-40a5d4503337', 'fcbe8a95-ab56-4ec6-815b-e12e3d3eda54', '3c56e36c-14f8-4c69-8976-c22105359e5a', '2022-07-23 14:00:00');
INSERT INTO public.event_steps (id, event, type, date_time) VALUES ('89e06d9b-abd8-423e-aac7-f4e96fe07739', 'fcbe8a95-ab56-4ec6-815b-e12e3d3eda54', 'b3418e4c-73dc-4304-b45a-c64bc9fb3f27', '2022-07-24 13:00:00');
INSERT INTO public.event_steps (id, event, type, date_time) VALUES ('23cdf4be-5631-4cc2-80ab-29fd33252acb', '20f33cc2-edf0-462d-813f-3c88853c5935', 'a10f354f-b35d-4e0a-88cf-e1a6ebe82d75', '2022-07-29 12:00:00');
INSERT INTO public.event_steps (id, event, type, date_time) VALUES ('d6383008-429d-4992-a0d8-177bd9fbcc25', '20f33cc2-edf0-462d-813f-3c88853c5935', '2f1ef80d-3eaa-42b2-87f4-bf36da2d8e06', '2022-07-29 15:00:00');
INSERT INTO public.event_steps (id, event, type, date_time) VALUES ('98d581ba-7285-43c9-a039-2000a675b996', '20f33cc2-edf0-462d-813f-3c88853c5935', '3da29b08-635d-4400-97b5-261978b92ef1', '2022-07-30 11:00:00');
INSERT INTO public.event_steps (id, event, type, date_time) VALUES ('c4437881-ff19-4acf-9d70-f3746dd7a944', '20f33cc2-edf0-462d-813f-3c88853c5935', '3c56e36c-14f8-4c69-8976-c22105359e5a', '2022-07-30 14:00:00');
INSERT INTO public.event_steps (id, event, type, date_time) VALUES ('7786220c-ffdd-41a1-b86c-b8f289028cc0', '20f33cc2-edf0-462d-813f-3c88853c5935', 'b3418e4c-73dc-4304-b45a-c64bc9fb3f27', '2022-07-31 13:00:00');
INSERT INTO public.event_steps (id, event, type, date_time) VALUES ('b1249f78-99dc-45e7-8902-42c88648e3af', '9edfaf1e-6fe2-44ba-92fb-0b946fc64f59', 'a10f354f-b35d-4e0a-88cf-e1a6ebe82d75', '2022-08-26 12:00:00');
INSERT INTO public.event_steps (id, event, type, date_time) VALUES ('3a46a851-e07e-47ce-8377-a7c04d85d416', '9edfaf1e-6fe2-44ba-92fb-0b946fc64f59', '2f1ef80d-3eaa-42b2-87f4-bf36da2d8e06', '2022-08-26 15:00:00');
INSERT INTO public.event_steps (id, event, type, date_time) VALUES ('8a28823c-a440-496b-a07a-8d1c0f1f3eb4', '9edfaf1e-6fe2-44ba-92fb-0b946fc64f59', '3da29b08-635d-4400-97b5-261978b92ef1', '2022-08-27 11:00:00');
INSERT INTO public.event_steps (id, event, type, date_time) VALUES ('df50d9cc-92ab-46a5-9406-692675c7ed45', '9edfaf1e-6fe2-44ba-92fb-0b946fc64f59', '3c56e36c-14f8-4c69-8976-c22105359e5a', '2022-08-27 14:00:00');
INSERT INTO public.event_steps (id, event, type, date_time) VALUES ('d198694d-26d2-4d83-8df6-aa3ed81c478f', '9edfaf1e-6fe2-44ba-92fb-0b946fc64f59', 'b3418e4c-73dc-4304-b45a-c64bc9fb3f27', '2022-08-28 13:00:00');
INSERT INTO public.event_steps (id, event, type, date_time) VALUES ('f343420c-55b4-4694-a78a-baecd0a7e91a', '1c6c16fb-e472-48d3-8bc6-7000a342f881', 'a10f354f-b35d-4e0a-88cf-e1a6ebe82d75', '2022-09-02 10:30:00');
INSERT INTO public.event_steps (id, event, type, date_time) VALUES ('ce1b4779-050f-4b08-8c2d-59295be8f2cd', '1c6c16fb-e472-48d3-8bc6-7000a342f881', '2f1ef80d-3eaa-42b2-87f4-bf36da2d8e06', '2022-09-02 14:00:00');
INSERT INTO public.event_steps (id, event, type, date_time) VALUES ('aca50e76-af81-4787-aa3c-176282c8bcbf', '1c6c16fb-e472-48d3-8bc6-7000a342f881', '3da29b08-635d-4400-97b5-261978b92ef1', '2022-09-03 10:00:00');
INSERT INTO public.event_steps (id, event, type, date_time) VALUES ('1532135e-00d2-4d62-94c4-8f473ff1e9c2', '1c6c16fb-e472-48d3-8bc6-7000a342f881', '3c56e36c-14f8-4c69-8976-c22105359e5a', '2022-09-03 13:00:00');
INSERT INTO public.event_steps (id, event, type, date_time) VALUES ('b0cae2ba-cb8b-4a89-8973-93b8cbafe728', '1c6c16fb-e472-48d3-8bc6-7000a342f881', 'b3418e4c-73dc-4304-b45a-c64bc9fb3f27', '2022-09-04 13:00:00');
INSERT INTO public.event_steps (id, event, type, date_time) VALUES ('1fbb07bb-29ad-4dee-82df-1142ab693df4', 'dd2bc70a-71d8-48c2-b36e-01a765d7a5e9', 'a10f354f-b35d-4e0a-88cf-e1a6ebe82d75', '2022-09-09 12:00:00');
INSERT INTO public.event_steps (id, event, type, date_time) VALUES ('374ae7d0-12ff-4525-bf32-d14cd603da6b', 'dd2bc70a-71d8-48c2-b36e-01a765d7a5e9', '2f1ef80d-3eaa-42b2-87f4-bf36da2d8e06', '2022-09-09 15:00:00');
INSERT INTO public.event_steps (id, event, type, date_time) VALUES ('335e2158-073e-4243-a33e-6f109adb7ff7', 'dd2bc70a-71d8-48c2-b36e-01a765d7a5e9', '3da29b08-635d-4400-97b5-261978b92ef1', '2022-09-10 11:00:00');
INSERT INTO public.event_steps (id, event, type, date_time) VALUES ('e06f7484-7287-4cd6-a6b5-0b8946f87e8f', 'dd2bc70a-71d8-48c2-b36e-01a765d7a5e9', '3c56e36c-14f8-4c69-8976-c22105359e5a', '2022-09-10 14:00:00');
INSERT INTO public.event_steps (id, event, type, date_time) VALUES ('8ca32f26-fe7a-4bad-941f-b403ea958642', 'dd2bc70a-71d8-48c2-b36e-01a765d7a5e9', 'b3418e4c-73dc-4304-b45a-c64bc9fb3f27', '2022-09-11 13:00:00');
INSERT INTO public.event_steps (id, event, type, date_time) VALUES ('655b9560-05d2-4e39-ab33-c343082c43ca', '1ca163e0-f93a-41e0-b935-ebd1ea86bf97', 'a10f354f-b35d-4e0a-88cf-e1a6ebe82d75', '2022-09-30 10:00:00');
INSERT INTO public.event_steps (id, event, type, date_time) VALUES ('cf2a0778-853a-4fdb-b7e6-0fd8e2dd8079', '1ca163e0-f93a-41e0-b935-ebd1ea86bf97', '2f1ef80d-3eaa-42b2-87f4-bf36da2d8e06', '2022-09-30 13:00:00');
INSERT INTO public.event_steps (id, event, type, date_time) VALUES ('103fce01-dbd5-4cc1-b847-e61bf1c7fa2e', '1ca163e0-f93a-41e0-b935-ebd1ea86bf97', '3da29b08-635d-4400-97b5-261978b92ef1', '2022-10-01 10:00:00');
INSERT INTO public.event_steps (id, event, type, date_time) VALUES ('906f9587-2270-4a2d-a832-39720aaea23a', '1ca163e0-f93a-41e0-b935-ebd1ea86bf97', '3c56e36c-14f8-4c69-8976-c22105359e5a', '2022-10-01 13:00:00');
INSERT INTO public.event_steps (id, event, type, date_time) VALUES ('84636143-56dd-45dc-80bd-eb4f08cd2694', '1ca163e0-f93a-41e0-b935-ebd1ea86bf97', 'b3418e4c-73dc-4304-b45a-c64bc9fb3f27', '2022-10-02 12:00:00');
INSERT INTO public.event_steps (id, event, type, date_time) VALUES ('677b26b3-5490-47c5-8ac3-4ec94ccf0a15', '44d55619-b5ca-4d9d-b33d-293cd87272af', 'a10f354f-b35d-4e0a-88cf-e1a6ebe82d75', '2022-10-07 03:00:00');
INSERT INTO public.event_steps (id, event, type, date_time) VALUES ('9f96c34a-d8e4-43ed-9e90-fa484c61362e', '44d55619-b5ca-4d9d-b33d-293cd87272af', '2f1ef80d-3eaa-42b2-87f4-bf36da2d8e06', '2022-10-07 06:00:00');
INSERT INTO public.event_steps (id, event, type, date_time) VALUES ('9f3f5572-6054-4609-a0d4-3da086d39add', '44d55619-b5ca-4d9d-b33d-293cd87272af', '3da29b08-635d-4400-97b5-261978b92ef1', '2022-10-08 03:00:00');
INSERT INTO public.event_steps (id, event, type, date_time) VALUES ('c22ef212-bc2a-47c5-a24c-7c656c346297', '44d55619-b5ca-4d9d-b33d-293cd87272af', '3c56e36c-14f8-4c69-8976-c22105359e5a', '2022-10-08 06:00:00');
INSERT INTO public.event_steps (id, event, type, date_time) VALUES ('94df2b80-7a55-42e1-aa42-f8cf8b6c7cb7', '44d55619-b5ca-4d9d-b33d-293cd87272af', 'b3418e4c-73dc-4304-b45a-c64bc9fb3f27', '2022-10-09 05:00:00');
INSERT INTO public.event_steps (id, event, type, date_time) VALUES ('b32a150f-3be6-4cf3-9f6f-d5c634925830', 'c83f5cc3-47ed-46b6-baeb-3bfe254b5647', '3da29b08-635d-4400-97b5-261978b92ef1', '2022-10-22 19:00:00');
INSERT INTO public.event_steps (id, event, type, date_time) VALUES ('81c0dcc5-0c66-4bbe-96c4-21e379a07935', 'c83f5cc3-47ed-46b6-baeb-3bfe254b5647', '3c56e36c-14f8-4c69-8976-c22105359e5a', '2022-10-22 22:00:00');
INSERT INTO public.event_steps (id, event, type, date_time) VALUES ('143b8039-53d9-443e-9fe7-0821253bd841', 'c83f5cc3-47ed-46b6-baeb-3bfe254b5647', 'b3418e4c-73dc-4304-b45a-c64bc9fb3f27', '2022-10-23 19:00:00');
INSERT INTO public.event_steps (id, event, type, date_time) VALUES ('86696623-af33-41b1-8640-cce56af165de', 'c83f5cc3-47ed-46b6-baeb-3bfe254b5647', 'a10f354f-b35d-4e0a-88cf-e1a6ebe82d75', '2022-10-21 19:00:00');
INSERT INTO public.event_steps (id, event, type, date_time) VALUES ('295e284e-bdb3-4802-bd5c-3845686ad1d5', 'c83f5cc3-47ed-46b6-baeb-3bfe254b5647', '2f1ef80d-3eaa-42b2-87f4-bf36da2d8e06', '2022-10-21 22:00:00');
INSERT INTO public.event_steps (id, event, type, date_time) VALUES ('a2152f47-0665-4922-9d1d-1dd6ddffeba1', '384ca8e9-9563-4908-b487-024f0653a0cc', 'a10f354f-b35d-4e0a-88cf-e1a6ebe82d75', '2022-10-28 18:00:00');
INSERT INTO public.event_steps (id, event, type, date_time) VALUES ('e124a4cb-f9a3-4f46-a3ff-15cd537447a7', '384ca8e9-9563-4908-b487-024f0653a0cc', '2f1ef80d-3eaa-42b2-87f4-bf36da2d8e06', '2022-10-28 21:00:00');
INSERT INTO public.event_steps (id, event, type, date_time) VALUES ('1aaac26f-5622-4b95-a8ca-f3c50e888748', '384ca8e9-9563-4908-b487-024f0653a0cc', '3da29b08-635d-4400-97b5-261978b92ef1', '2022-10-29 17:00:00');
INSERT INTO public.event_steps (id, event, type, date_time) VALUES ('36037f01-d98c-476e-97b4-c78518c7122a', '384ca8e9-9563-4908-b487-024f0653a0cc', '3c56e36c-14f8-4c69-8976-c22105359e5a', '2022-10-29 20:00:00');
INSERT INTO public.event_steps (id, event, type, date_time) VALUES ('fdc57e37-65e8-4475-a354-6fc83db52de7', '384ca8e9-9563-4908-b487-024f0653a0cc', 'b3418e4c-73dc-4304-b45a-c64bc9fb3f27', '2022-10-30 20:00:00');
INSERT INTO public.event_steps (id, event, type, date_time) VALUES ('e8ad2439-7e33-4d6d-935c-2333683b6550', '9165f124-a621-476f-a419-d1fc4727ac27', 'a10f354f-b35d-4e0a-88cf-e1a6ebe82d75', '2022-11-11 15:30:00');
INSERT INTO public.event_steps (id, event, type, date_time) VALUES ('904302d8-94b7-4a0b-905c-00fefc028e29', '9165f124-a621-476f-a419-d1fc4727ac27', '3c56e36c-14f8-4c69-8976-c22105359e5a', '2022-11-11 19:00:00');
INSERT INTO public.event_steps (id, event, type, date_time) VALUES ('6acaf51c-cbff-49ba-8391-1b8429e881c8', '9165f124-a621-476f-a419-d1fc4727ac27', '2f1ef80d-3eaa-42b2-87f4-bf36da2d8e06', '2022-11-12 15:30:00');
INSERT INTO public.event_steps (id, event, type, date_time) VALUES ('cd34909c-cd6f-4c08-9075-9abfb3253931', '9165f124-a621-476f-a419-d1fc4727ac27', '2848eaca-c593-4b97-95de-6b71c114b0b5', '2022-11-12 19:30:00');
INSERT INTO public.event_steps (id, event, type, date_time) VALUES ('423b3b12-f4b5-47d5-ab10-178e478421c4', '9165f124-a621-476f-a419-d1fc4727ac27', 'b3418e4c-73dc-4304-b45a-c64bc9fb3f27', '2022-11-13 18:00:00');
INSERT INTO public.event_steps (id, event, type, date_time) VALUES ('bedaccfa-0a35-4564-8770-7c63bd427c89', 'debaeb4c-92e5-4309-9004-e85727ff7b12', 'a10f354f-b35d-4e0a-88cf-e1a6ebe82d75', '2022-11-18 10:00:00');
INSERT INTO public.event_steps (id, event, type, date_time) VALUES ('61f05848-a868-4353-af4f-152859914a8e', 'debaeb4c-92e5-4309-9004-e85727ff7b12', '2f1ef80d-3eaa-42b2-87f4-bf36da2d8e06', '2022-11-18 13:00:00');
INSERT INTO public.event_steps (id, event, type, date_time) VALUES ('2f999c42-e3f7-4f51-b6b1-83e2d850181f', 'debaeb4c-92e5-4309-9004-e85727ff7b12', '3da29b08-635d-4400-97b5-261978b92ef1', '2022-11-19 10:30:00');
INSERT INTO public.event_steps (id, event, type, date_time) VALUES ('acdc2598-3b6a-4ae9-aacd-6e185fe3ae8f', 'debaeb4c-92e5-4309-9004-e85727ff7b12', '3c56e36c-14f8-4c69-8976-c22105359e5a', '2022-11-19 13:00:00');
INSERT INTO public.event_steps (id, event, type, date_time) VALUES ('97db111b-44f7-4093-9ed3-267606ec704f', 'debaeb4c-92e5-4309-9004-e85727ff7b12', 'b3418e4c-73dc-4304-b45a-c64bc9fb3f27', '2022-11-20 12:00:00');
INSERT INTO public.event_steps (id, event, type, date_time) VALUES ('ffa2f5a2-0b36-49c9-b502-532b1cc55bcb', '91fd7aca-83ab-456f-9142-53697c355c76', 'b3c7ae16-eb2e-49b7-8734-1058db189a96', '2023-02-25 07:00:00');
INSERT INTO public.event_steps (id, event, type, date_time) VALUES ('ff69e800-4f10-490f-9d78-82e08581e02a', '91fd7aca-83ab-456f-9142-53697c355c76', 'c18bc57f-decf-4747-9c94-35da22b064dd', '2023-02-24 07:00:00');
INSERT INTO public.event_steps (id, event, type, date_time) VALUES ('b47b6fde-bdcf-41c1-bb3d-26ccc31d08dc', '91fd7aca-83ab-456f-9142-53697c355c76', 'fe338f15-30ff-4d25-9afb-69d1cddd4ea1', '2023-02-23 07:00:00');
INSERT INTO public.event_steps (id, event, type, date_time) VALUES ('8136d4fc-7af9-4dd4-a6bb-773b74032382', 'ad730445-6797-444c-9232-4f8c531a49a1', 'a10f354f-b35d-4e0a-88cf-e1a6ebe82d75', '2023-03-03 11:30:00');
INSERT INTO public.event_steps (id, event, type, date_time) VALUES ('da9118a7-6d9e-4c2a-a544-208569f9b4ff', 'ad730445-6797-444c-9232-4f8c531a49a1', '2f1ef80d-3eaa-42b2-87f4-bf36da2d8e06', '2023-03-03 15:00:00');
INSERT INTO public.event_steps (id, event, type, date_time) VALUES ('00caaec9-e682-4dd9-b7fc-29ff9ccedcd0', 'c921f7b9-d477-479f-8aa0-2a476624ee12', 'b3418e4c-73dc-4304-b45a-c64bc9fb3f27', '2023-06-18 19:00:00');
INSERT INTO public.event_steps (id, event, type, date_time) VALUES ('d54f7e26-aa37-4636-9abd-495c78b52b73', 'ad730445-6797-444c-9232-4f8c531a49a1', 'b3418e4c-73dc-4304-b45a-c64bc9fb3f27', '2023-03-05 15:00:00');
INSERT INTO public.event_steps (id, event, type, date_time) VALUES ('f1bfdd30-47c4-4995-b350-b529e8dfc688', 'ad730445-6797-444c-9232-4f8c531a49a1', '3da29b08-635d-4400-97b5-261978b92ef1', '2023-03-04 11:30:00');
INSERT INTO public.event_steps (id, event, type, date_time) VALUES ('8d5b2330-150c-42ab-9242-d4f5e394d946', 'ad730445-6797-444c-9232-4f8c531a49a1', '3c56e36c-14f8-4c69-8976-c22105359e5a', '2023-03-04 15:00:00');
INSERT INTO public.event_steps (id, event, type, date_time) VALUES ('b33d9c94-3ed0-4913-a2b1-526fb356012c', '4c5b906c-7485-4e48-aaf0-538aec307bf8', 'a10f354f-b35d-4e0a-88cf-e1a6ebe82d75', '2023-03-17 13:30:00');
INSERT INTO public.event_steps (id, event, type, date_time) VALUES ('cdb9aa3f-a957-4dcd-942e-2dcfd5b86dfb', '4c5b906c-7485-4e48-aaf0-538aec307bf8', '2f1ef80d-3eaa-42b2-87f4-bf36da2d8e06', '2023-03-17 17:00:00');
INSERT INTO public.event_steps (id, event, type, date_time) VALUES ('1dd4d848-bf0f-4693-9309-685106a47b5b', '4c5b906c-7485-4e48-aaf0-538aec307bf8', '3da29b08-635d-4400-97b5-261978b92ef1', '2023-03-18 13:30:00');
INSERT INTO public.event_steps (id, event, type, date_time) VALUES ('b46e2e64-fe5a-4f6e-b07b-200678d84477', '4c5b906c-7485-4e48-aaf0-538aec307bf8', '3c56e36c-14f8-4c69-8976-c22105359e5a', '2023-03-18 17:00:00');
INSERT INTO public.event_steps (id, event, type, date_time) VALUES ('64ff06eb-75f0-4c24-8cc6-76e6d465a047', '4c5b906c-7485-4e48-aaf0-538aec307bf8', 'b3418e4c-73dc-4304-b45a-c64bc9fb3f27', '2023-03-19 17:00:00');
INSERT INTO public.event_steps (id, event, type, date_time) VALUES ('4814bb65-dc38-4164-9e12-869e3173cd19', '2a8051a2-0575-4618-b90b-6bd45f6730db', 'a10f354f-b35d-4e0a-88cf-e1a6ebe82d75', '2023-03-31 02:30:00');
INSERT INTO public.event_steps (id, event, type, date_time) VALUES ('dbead309-199c-4f26-96a8-2cd04c3340b7', '2a8051a2-0575-4618-b90b-6bd45f6730db', '2f1ef80d-3eaa-42b2-87f4-bf36da2d8e06', '2023-03-31 06:00:00');
INSERT INTO public.event_steps (id, event, type, date_time) VALUES ('19c4fc0d-ee49-45df-8f58-c4c652fc443d', '2a8051a2-0575-4618-b90b-6bd45f6730db', '3da29b08-635d-4400-97b5-261978b92ef1', '2023-04-01 02:30:00');
INSERT INTO public.event_steps (id, event, type, date_time) VALUES ('bd4eb8c0-a69f-42c3-8f8d-d3910bc46a81', '2a8051a2-0575-4618-b90b-6bd45f6730db', '3c56e36c-14f8-4c69-8976-c22105359e5a', '2023-04-01 06:00:00');
INSERT INTO public.event_steps (id, event, type, date_time) VALUES ('c6b50cc3-e9e0-491c-aec5-ed3aa332de5e', '2a8051a2-0575-4618-b90b-6bd45f6730db', 'b3418e4c-73dc-4304-b45a-c64bc9fb3f27', '2023-04-02 06:00:00');
INSERT INTO public.event_steps (id, event, type, date_time) VALUES ('629bba3b-9204-472b-824e-de9eb6f8800b', '954f773a-dde5-4636-b766-0854419872bb', 'a10f354f-b35d-4e0a-88cf-e1a6ebe82d75', '2023-05-05 19:30:00');
INSERT INTO public.event_steps (id, event, type, date_time) VALUES ('ba94ff69-d64f-4dd4-ab6a-293d0a09ceeb', '954f773a-dde5-4636-b766-0854419872bb', '2f1ef80d-3eaa-42b2-87f4-bf36da2d8e06', '2023-05-05 23:00:00');
INSERT INTO public.event_steps (id, event, type, date_time) VALUES ('8d3b0f57-a09d-4fd0-a9de-f34caa4ef78e', '954f773a-dde5-4636-b766-0854419872bb', '3da29b08-635d-4400-97b5-261978b92ef1', '2023-05-06 17:30:00');
INSERT INTO public.event_steps (id, event, type, date_time) VALUES ('d923fe46-d893-4e58-ade4-d985dc394518', '954f773a-dde5-4636-b766-0854419872bb', '3c56e36c-14f8-4c69-8976-c22105359e5a', '2023-05-06 21:00:00');
INSERT INTO public.event_steps (id, event, type, date_time) VALUES ('38591453-17c5-47f3-86c7-b5e8b8560dac', '954f773a-dde5-4636-b766-0854419872bb', 'b3418e4c-73dc-4304-b45a-c64bc9fb3f27', '2023-05-07 20:30:00');
INSERT INTO public.event_steps (id, event, type, date_time) VALUES ('005aff5c-bb86-41f6-87fb-de1226e3566d', '7681d69c-031d-4dd5-b0e7-297d2d1bfda9', 'a10f354f-b35d-4e0a-88cf-e1a6ebe82d75', '2023-05-19 12:30:00');
INSERT INTO public.event_steps (id, event, type, date_time) VALUES ('1e61f76c-2b7e-45e4-a64b-9e0838bd4416', '7681d69c-031d-4dd5-b0e7-297d2d1bfda9', '2f1ef80d-3eaa-42b2-87f4-bf36da2d8e06', '2023-05-19 16:00:00');
INSERT INTO public.event_steps (id, event, type, date_time) VALUES ('ac311e16-c7c3-40f5-8a3c-a258e2b9e24d', '7681d69c-031d-4dd5-b0e7-297d2d1bfda9', '3da29b08-635d-4400-97b5-261978b92ef1', '2023-05-20 11:30:00');
INSERT INTO public.event_steps (id, event, type, date_time) VALUES ('01d920d1-169d-47c0-bed2-eefc9c64189f', '7681d69c-031d-4dd5-b0e7-297d2d1bfda9', '3c56e36c-14f8-4c69-8976-c22105359e5a', '2023-05-20 15:00:00');
INSERT INTO public.event_steps (id, event, type, date_time) VALUES ('71fad8be-63e5-4784-9ee3-4d954d22268d', '7681d69c-031d-4dd5-b0e7-297d2d1bfda9', 'b3418e4c-73dc-4304-b45a-c64bc9fb3f27', '2023-05-21 14:00:00');
INSERT INTO public.event_steps (id, event, type, date_time) VALUES ('ebaaa83e-d8ed-4f36-846e-ecf0b481e109', '09318e72-4327-4e63-8e9d-1b5f3d99fa4d', 'a10f354f-b35d-4e0a-88cf-e1a6ebe82d75', '2023-05-26 12:30:00');
INSERT INTO public.event_steps (id, event, type, date_time) VALUES ('b6586b28-0405-4c7b-ab9b-922d8f28b4d4', '09318e72-4327-4e63-8e9d-1b5f3d99fa4d', '2f1ef80d-3eaa-42b2-87f4-bf36da2d8e06', '2023-05-26 16:00:00');
INSERT INTO public.event_steps (id, event, type, date_time) VALUES ('1ba1607a-82eb-4aa2-8171-ab56b9b90584', '09318e72-4327-4e63-8e9d-1b5f3d99fa4d', '3da29b08-635d-4400-97b5-261978b92ef1', '2023-05-27 11:30:00');
INSERT INTO public.event_steps (id, event, type, date_time) VALUES ('3ce422dc-8572-48b3-83fc-bff0c595e893', '09318e72-4327-4e63-8e9d-1b5f3d99fa4d', '3c56e36c-14f8-4c69-8976-c22105359e5a', '2023-05-27 15:00:00');
INSERT INTO public.event_steps (id, event, type, date_time) VALUES ('f7aa0d4d-9cf8-44b2-a709-5ce380c8138b', '09318e72-4327-4e63-8e9d-1b5f3d99fa4d', 'b3418e4c-73dc-4304-b45a-c64bc9fb3f27', '2023-05-28 14:00:00');
INSERT INTO public.event_steps (id, event, type, date_time) VALUES ('4ac98a27-b551-4840-b7c8-07d5c3f292d6', '485fb859-40e6-452f-bb39-e08ad61b91d9', 'a10f354f-b35d-4e0a-88cf-e1a6ebe82d75', '2023-06-02 12:30:00');
INSERT INTO public.event_steps (id, event, type, date_time) VALUES ('f266d579-1bcf-4925-9a48-3923dbc3bb21', '485fb859-40e6-452f-bb39-e08ad61b91d9', '2f1ef80d-3eaa-42b2-87f4-bf36da2d8e06', '2023-06-02 16:00:00');
INSERT INTO public.event_steps (id, event, type, date_time) VALUES ('8cbc9805-664c-46ba-b190-a550426372d0', '485fb859-40e6-452f-bb39-e08ad61b91d9', '3da29b08-635d-4400-97b5-261978b92ef1', '2023-06-03 11:30:00');
INSERT INTO public.event_steps (id, event, type, date_time) VALUES ('8fb3a85d-d4b5-45fe-8323-e36d2056d913', '485fb859-40e6-452f-bb39-e08ad61b91d9', '3c56e36c-14f8-4c69-8976-c22105359e5a', '2023-06-03 15:00:00');
INSERT INTO public.event_steps (id, event, type, date_time) VALUES ('fdcb53cb-24ef-4ad0-a421-f2d4a679003a', '485fb859-40e6-452f-bb39-e08ad61b91d9', 'b3418e4c-73dc-4304-b45a-c64bc9fb3f27', '2023-06-04 14:00:00');
INSERT INTO public.event_steps (id, event, type, date_time) VALUES ('fcbd3e80-e749-48f9-b116-503928472f5b', 'c921f7b9-d477-479f-8aa0-2a476624ee12', 'a10f354f-b35d-4e0a-88cf-e1a6ebe82d75', '2023-06-16 18:30:00');
INSERT INTO public.event_steps (id, event, type, date_time) VALUES ('03dd337d-94aa-4506-8eff-e877724c001c', 'c921f7b9-d477-479f-8aa0-2a476624ee12', '2f1ef80d-3eaa-42b2-87f4-bf36da2d8e06', '2023-06-16 22:00:00');
INSERT INTO public.event_steps (id, event, type, date_time) VALUES ('f2113261-284f-441f-b256-80ba130dc613', 'c921f7b9-d477-479f-8aa0-2a476624ee12', '3da29b08-635d-4400-97b5-261978b92ef1', '2023-06-17 17:30:00');
INSERT INTO public.event_steps (id, event, type, date_time) VALUES ('400bd1e5-3d6b-4a0d-99c6-8a09fe8f1de0', 'c921f7b9-d477-479f-8aa0-2a476624ee12', '3c56e36c-14f8-4c69-8976-c22105359e5a', '2023-06-17 21:00:00');
INSERT INTO public.event_steps (id, event, type, date_time) VALUES ('8751dcc2-e290-448a-b6d8-36bc614155c3', '13ac76b8-a636-4914-b76b-e84a939424cf', 'a10f354f-b35d-4e0a-88cf-e1a6ebe82d75', '2023-07-07 12:30:00');
INSERT INTO public.event_steps (id, event, type, date_time) VALUES ('dbb516ec-b3cb-42ec-929e-7fcb35dae180', '13ac76b8-a636-4914-b76b-e84a939424cf', '2f1ef80d-3eaa-42b2-87f4-bf36da2d8e06', '2023-07-07 16:00:00');
INSERT INTO public.event_steps (id, event, type, date_time) VALUES ('b682218e-a5b0-4758-a8d1-6940cf71d939', '13ac76b8-a636-4914-b76b-e84a939424cf', '3da29b08-635d-4400-97b5-261978b92ef1', '2023-07-08 11:30:00');
INSERT INTO public.event_steps (id, event, type, date_time) VALUES ('1b7161be-0e81-44a0-9322-60da78052324', '13ac76b8-a636-4914-b76b-e84a939424cf', '3c56e36c-14f8-4c69-8976-c22105359e5a', '2023-07-08 15:00:00');
INSERT INTO public.event_steps (id, event, type, date_time) VALUES ('45ac7200-c06b-4ee1-9bcb-fc3ba72c1e81', '13ac76b8-a636-4914-b76b-e84a939424cf', 'b3418e4c-73dc-4304-b45a-c64bc9fb3f27', '2023-07-09 15:00:00');
INSERT INTO public.event_steps (id, event, type, date_time) VALUES ('525f3b8c-dd60-4b17-a624-90da1bbfe014', 'c96020a3-16f1-40cf-9bb5-ae4c34ca2dfa', 'a10f354f-b35d-4e0a-88cf-e1a6ebe82d75', '2023-07-21 12:30:00');
INSERT INTO public.event_steps (id, event, type, date_time) VALUES ('39927001-7ea1-43fc-951a-b422764c8767', 'c96020a3-16f1-40cf-9bb5-ae4c34ca2dfa', '2f1ef80d-3eaa-42b2-87f4-bf36da2d8e06', '2023-07-21 16:00:00');
INSERT INTO public.event_steps (id, event, type, date_time) VALUES ('22db26a2-ca65-40a1-93f7-d72a897f8301', 'c96020a3-16f1-40cf-9bb5-ae4c34ca2dfa', '3da29b08-635d-4400-97b5-261978b92ef1', '2023-07-22 11:30:00');
INSERT INTO public.event_steps (id, event, type, date_time) VALUES ('adc72e3f-2765-49e2-a285-fa7500120fa5', 'c96020a3-16f1-40cf-9bb5-ae4c34ca2dfa', '3c56e36c-14f8-4c69-8976-c22105359e5a', '2023-07-22 15:00:00');
INSERT INTO public.event_steps (id, event, type, date_time) VALUES ('133e3587-b82d-43a2-a043-f8682c5f9df8', 'c96020a3-16f1-40cf-9bb5-ae4c34ca2dfa', 'b3418e4c-73dc-4304-b45a-c64bc9fb3f27', '2023-07-23 14:00:00');
INSERT INTO public.event_steps (id, event, type, date_time) VALUES ('7123aa09-0406-490c-8785-5c8d76e91db9', '4fafd909-d7c4-4a29-b0be-b4d46a6266f4', 'a10f354f-b35d-4e0a-88cf-e1a6ebe82d75', '2023-08-25 11:30:00');
INSERT INTO public.event_steps (id, event, type, date_time) VALUES ('2bf8a1d7-c6ab-411e-aff7-d4af21c61bbb', '4fafd909-d7c4-4a29-b0be-b4d46a6266f4', '2f1ef80d-3eaa-42b2-87f4-bf36da2d8e06', '2023-08-25 15:00:00');
INSERT INTO public.event_steps (id, event, type, date_time) VALUES ('af7800e7-3464-4a00-8cb1-fae232a6e088', '4fafd909-d7c4-4a29-b0be-b4d46a6266f4', '3da29b08-635d-4400-97b5-261978b92ef1', '2023-08-26 10:30:00');
INSERT INTO public.event_steps (id, event, type, date_time) VALUES ('e2098890-fa9b-4b44-99a4-769ac9697275', '4fafd909-d7c4-4a29-b0be-b4d46a6266f4', '3c56e36c-14f8-4c69-8976-c22105359e5a', '2023-08-26 14:00:00');
INSERT INTO public.event_steps (id, event, type, date_time) VALUES ('d44bbdd9-74a4-4744-afe3-15f4ad1aeeb8', '4fafd909-d7c4-4a29-b0be-b4d46a6266f4', 'b3418e4c-73dc-4304-b45a-c64bc9fb3f27', '2023-08-27 14:00:00');
INSERT INTO public.event_steps (id, event, type, date_time) VALUES ('ed6a62be-bbc4-4a63-986f-8b1d474277d9', '0e3e5120-29e9-48cb-bd93-abb75c03acdc', 'a10f354f-b35d-4e0a-88cf-e1a6ebe82d75', '2023-09-01 12:30:00');
INSERT INTO public.event_steps (id, event, type, date_time) VALUES ('144e0a17-21a1-43ae-90dc-24dd53541aef', '0e3e5120-29e9-48cb-bd93-abb75c03acdc', '2f1ef80d-3eaa-42b2-87f4-bf36da2d8e06', '2023-09-01 16:00:00');
INSERT INTO public.event_steps (id, event, type, date_time) VALUES ('9ca7ce11-a5b5-405d-800c-b9dc35e30a47', '0e3e5120-29e9-48cb-bd93-abb75c03acdc', '3da29b08-635d-4400-97b5-261978b92ef1', '2023-09-02 11:30:00');
INSERT INTO public.event_steps (id, event, type, date_time) VALUES ('9dbdecd6-54a8-48cb-afb0-c6421195d91d', '0e3e5120-29e9-48cb-bd93-abb75c03acdc', '3c56e36c-14f8-4c69-8976-c22105359e5a', '2023-09-02 15:00:00');
INSERT INTO public.event_steps (id, event, type, date_time) VALUES ('69d7237f-3b52-4181-a764-bfd672e8f93f', '0e3e5120-29e9-48cb-bd93-abb75c03acdc', 'b3418e4c-73dc-4304-b45a-c64bc9fb3f27', '2023-09-03 14:00:00');
INSERT INTO public.event_steps (id, event, type, date_time) VALUES ('c92c80bc-36a4-4ad0-97d1-e48c12aab24e', '4f00b004-429c-4900-8b00-3e47a9760279', 'a10f354f-b35d-4e0a-88cf-e1a6ebe82d75', '2023-09-15 10:30:00');
INSERT INTO public.event_steps (id, event, type, date_time) VALUES ('db217e54-bdec-4f91-9ea6-458689d58232', '4f00b004-429c-4900-8b00-3e47a9760279', '2f1ef80d-3eaa-42b2-87f4-bf36da2d8e06', '2023-09-15 14:00:00');
INSERT INTO public.event_steps (id, event, type, date_time) VALUES ('c9892891-c99e-410f-8384-3ca3c8b26f26', '4f00b004-429c-4900-8b00-3e47a9760279', '3da29b08-635d-4400-97b5-261978b92ef1', '2023-09-16 10:30:00');
INSERT INTO public.event_steps (id, event, type, date_time) VALUES ('febf33e2-5922-4c57-a133-6b4a297dcabb', '4f00b004-429c-4900-8b00-3e47a9760279', '3c56e36c-14f8-4c69-8976-c22105359e5a', '2023-09-16 14:00:00');
INSERT INTO public.event_steps (id, event, type, date_time) VALUES ('ffbcd38a-8835-4acc-8c36-b7070bbe52ab', '4f00b004-429c-4900-8b00-3e47a9760279', 'b3418e4c-73dc-4304-b45a-c64bc9fb3f27', '2023-09-17 13:00:00');
INSERT INTO public.event_steps (id, event, type, date_time) VALUES ('ae73b97c-ac7e-4b66-967c-7154fd055025', '68dc4465-976b-4b05-85b3-a726f0938b4a', 'a10f354f-b35d-4e0a-88cf-e1a6ebe82d75', '2023-09-22 03:30:00');
INSERT INTO public.event_steps (id, event, type, date_time) VALUES ('3df53ac4-3bba-4b8a-9b81-4501e0022dd6', '68dc4465-976b-4b05-85b3-a726f0938b4a', '2f1ef80d-3eaa-42b2-87f4-bf36da2d8e06', '2023-09-22 07:00:00');
INSERT INTO public.event_steps (id, event, type, date_time) VALUES ('ca8260d2-18f0-4d27-b207-cc82a8152dd3', '68dc4465-976b-4b05-85b3-a726f0938b4a', '3da29b08-635d-4400-97b5-261978b92ef1', '2023-09-23 03:30:00');
INSERT INTO public.event_steps (id, event, type, date_time) VALUES ('43ff45aa-0820-4d4e-8623-dd67d9fc8400', '68dc4465-976b-4b05-85b3-a726f0938b4a', '3c56e36c-14f8-4c69-8976-c22105359e5a', '2023-09-23 07:00:00');
INSERT INTO public.event_steps (id, event, type, date_time) VALUES ('bd1ca022-23ae-4305-bc5f-f2c9ddae7b26', '68dc4465-976b-4b05-85b3-a726f0938b4a', 'b3418e4c-73dc-4304-b45a-c64bc9fb3f27', '2023-09-24 06:00:00');
INSERT INTO public.event_steps (id, event, type, date_time) VALUES ('4162fa30-33fd-4eee-bb59-ed2eda099ed0', 'dac38989-9a52-4812-87d9-e7074a4484e4', 'a10f354f-b35d-4e0a-88cf-e1a6ebe82d75', '2023-10-06 11:30:00');
INSERT INTO public.event_steps (id, event, type, date_time) VALUES ('1e66ed18-e704-4121-b121-ec40a0fb1a0e', 'dac38989-9a52-4812-87d9-e7074a4484e4', '3c56e36c-14f8-4c69-8976-c22105359e5a', '2023-10-06 15:00:00');
INSERT INTO public.event_steps (id, event, type, date_time) VALUES ('59ca289b-e0d8-499f-9921-c2f7a7fee6f9', 'dac38989-9a52-4812-87d9-e7074a4484e4', '2f1ef80d-3eaa-42b2-87f4-bf36da2d8e06', '2023-10-07 11:30:00');
INSERT INTO public.event_steps (id, event, type, date_time) VALUES ('6e89756f-e921-4f03-9939-120b71383925', 'dac38989-9a52-4812-87d9-e7074a4484e4', 'b3418e4c-73dc-4304-b45a-c64bc9fb3f27', '2023-10-08 15:00:00');
INSERT INTO public.event_steps (id, event, type, date_time) VALUES ('aeb86501-4c85-4235-892c-5ff72528ed34', '688a4832-32f7-47b6-b45b-2e7b9f6a5f19', 'a10f354f-b35d-4e0a-88cf-e1a6ebe82d75', '2023-10-20 18:30:00');
INSERT INTO public.event_steps (id, event, type, date_time) VALUES ('e6ff581f-f9c7-4337-85bc-0695e6186113', '688a4832-32f7-47b6-b45b-2e7b9f6a5f19', '3c56e36c-14f8-4c69-8976-c22105359e5a', '2023-10-20 22:00:00');
INSERT INTO public.event_steps (id, event, type, date_time) VALUES ('2ea146cd-0e6b-4921-a660-8f6bcc14f121', '688a4832-32f7-47b6-b45b-2e7b9f6a5f19', '2f1ef80d-3eaa-42b2-87f4-bf36da2d8e06', '2023-10-21 19:00:00');
INSERT INTO public.event_steps (id, event, type, date_time) VALUES ('756994fd-0a58-494f-a2d2-8114b1f538f0', '688a4832-32f7-47b6-b45b-2e7b9f6a5f19', '2848eaca-c593-4b97-95de-6b71c114b0b5', '2023-10-21 23:00:00');
INSERT INTO public.event_steps (id, event, type, date_time) VALUES ('c45e88fe-78c5-4dca-b55e-33c7a0e70bb2', '688a4832-32f7-47b6-b45b-2e7b9f6a5f19', 'b3418e4c-73dc-4304-b45a-c64bc9fb3f27', '2023-10-22 20:00:00');
INSERT INTO public.event_steps (id, event, type, date_time) VALUES ('b2c7cb94-f5ac-4dc3-b707-99333eeeab20', 'dac38989-9a52-4812-87d9-e7074a4484e4', '2848eaca-c593-4b97-95de-6b71c114b0b5', '2023-10-07 15:30:00');
INSERT INTO public.event_steps (id, event, type, date_time) VALUES ('38d70474-47de-49d2-9cd7-68fd54fbef99', '58882396-4113-4643-96ec-4538b194a38c', 'a10f354f-b35d-4e0a-88cf-e1a6ebe82d75', '2023-10-27 19:30:00');
INSERT INTO public.event_steps (id, event, type, date_time) VALUES ('37233017-3669-4e03-bb3a-e6b225b185bd', '58882396-4113-4643-96ec-4538b194a38c', '2f1ef80d-3eaa-42b2-87f4-bf36da2d8e06', '2023-10-27 23:00:00');
INSERT INTO public.event_steps (id, event, type, date_time) VALUES ('11881752-290d-432e-91bf-7b79d7a50b81', '58882396-4113-4643-96ec-4538b194a38c', '3da29b08-635d-4400-97b5-261978b92ef1', '2023-10-28 18:30:00');
INSERT INTO public.event_steps (id, event, type, date_time) VALUES ('7c18e9cd-d1b9-4be7-b5c3-df5af195a5a0', '58882396-4113-4643-96ec-4538b194a38c', '3c56e36c-14f8-4c69-8976-c22105359e5a', '2023-10-28 22:00:00');
INSERT INTO public.event_steps (id, event, type, date_time) VALUES ('d92637b5-d5ef-4227-a00b-cbfe198d97d8', '58882396-4113-4643-96ec-4538b194a38c', 'b3418e4c-73dc-4304-b45a-c64bc9fb3f27', '2023-10-29 20:00:00');
INSERT INTO public.event_steps (id, event, type, date_time) VALUES ('8deddb59-fb36-449c-a591-6ce2916fe285', 'e1463a2d-b2e5-4b37-b400-e7af50bcfad5', 'a10f354f-b35d-4e0a-88cf-e1a6ebe82d75', '2023-11-03 14:30:00');
INSERT INTO public.event_steps (id, event, type, date_time) VALUES ('c8caf940-8010-4de2-a5d8-9daf6b4d651c', 'e1463a2d-b2e5-4b37-b400-e7af50bcfad5', '3c56e36c-14f8-4c69-8976-c22105359e5a', '2023-11-03 18:00:00');
INSERT INTO public.event_steps (id, event, type, date_time) VALUES ('03b2eaac-d11b-47eb-9101-528ca46f71ce', 'e1463a2d-b2e5-4b37-b400-e7af50bcfad5', '2f1ef80d-3eaa-42b2-87f4-bf36da2d8e06', '2023-11-04 14:30:00');
INSERT INTO public.event_steps (id, event, type, date_time) VALUES ('b0363d5e-9db5-464d-946a-4ea65c961b78', 'e1463a2d-b2e5-4b37-b400-e7af50bcfad5', '2848eaca-c593-4b97-95de-6b71c114b0b5', '2023-11-04 18:30:00');
INSERT INTO public.event_steps (id, event, type, date_time) VALUES ('8a0c3d3c-2baa-4453-9c1b-45fe65225580', 'e1463a2d-b2e5-4b37-b400-e7af50bcfad5', 'b3418e4c-73dc-4304-b45a-c64bc9fb3f27', '2023-11-05 17:00:00');
INSERT INTO public.event_steps (id, event, type, date_time) VALUES ('e6c6801b-9c34-4aba-b9fe-71edb027cbcc', '3bf31a09-736d-4320-8032-e4bf48eaa266', 'a10f354f-b35d-4e0a-88cf-e1a6ebe82d75', '2023-11-17 04:30:00');
INSERT INTO public.event_steps (id, event, type, date_time) VALUES ('89edfdb0-612d-451b-b0c7-53961b26e5cc', '3bf31a09-736d-4320-8032-e4bf48eaa266', '2f1ef80d-3eaa-42b2-87f4-bf36da2d8e06', '2023-11-17 08:00:00');
INSERT INTO public.event_steps (id, event, type, date_time) VALUES ('3a0009c1-d196-4708-876f-eae09f47077c', '3bf31a09-736d-4320-8032-e4bf48eaa266', '3da29b08-635d-4400-97b5-261978b92ef1', '2023-11-18 04:30:00');
INSERT INTO public.event_steps (id, event, type, date_time) VALUES ('2d3bba6b-3e74-423d-a3d8-a3d348e83108', '3bf31a09-736d-4320-8032-e4bf48eaa266', '3c56e36c-14f8-4c69-8976-c22105359e5a', '2023-11-18 08:00:00');
INSERT INTO public.event_steps (id, event, type, date_time) VALUES ('518cd802-4899-454d-8afe-6908c41c6826', '3bf31a09-736d-4320-8032-e4bf48eaa266', 'b3418e4c-73dc-4304-b45a-c64bc9fb3f27', '2023-11-19 06:00:00');
INSERT INTO public.event_steps (id, event, type, date_time) VALUES ('04cb8fea-3fe5-4208-ad4d-0d0bd2a41866', 'c1c9a8e7-ef72-4a41-b483-91242633534b', 'a10f354f-b35d-4e0a-88cf-e1a6ebe82d75', '2023-11-24 09:30:00');
INSERT INTO public.event_steps (id, event, type, date_time) VALUES ('2ceed5c5-e4e0-442c-97fa-b0dd163ef157', 'c1c9a8e7-ef72-4a41-b483-91242633534b', '2f1ef80d-3eaa-42b2-87f4-bf36da2d8e06', '2023-11-24 13:00:00');
INSERT INTO public.event_steps (id, event, type, date_time) VALUES ('853c483b-8c2f-4a6c-9d2e-723116250bf8', 'c1c9a8e7-ef72-4a41-b483-91242633534b', '3da29b08-635d-4400-97b5-261978b92ef1', '2023-11-25 10:30:00');
INSERT INTO public.event_steps (id, event, type, date_time) VALUES ('e00a6176-ddd3-4e62-8a43-7b29ef9d5371', 'c1c9a8e7-ef72-4a41-b483-91242633534b', '3c56e36c-14f8-4c69-8976-c22105359e5a', '2023-11-25 14:00:00');
INSERT INTO public.event_steps (id, event, type, date_time) VALUES ('311fedc6-5f70-41e9-be35-a6553a2aec81', 'c1c9a8e7-ef72-4a41-b483-91242633534b', 'b3418e4c-73dc-4304-b45a-c64bc9fb3f27', '2023-11-26 13:00:00');
INSERT INTO public.event_steps (id, event, type, date_time) VALUES ('422b8a86-1b3a-48ea-a4b2-9ffc764973d7', '78c22dd9-be1e-4945-960c-01658201044d', 'a10f354f-b35d-4e0a-88cf-e1a6ebe82d75', '2023-04-28 10:30:00');
INSERT INTO public.event_steps (id, event, type, date_time) VALUES ('d20f66a3-5c33-47e7-a7f5-061a72dacdbf', '78c22dd9-be1e-4945-960c-01658201044d', '3c56e36c-14f8-4c69-8976-c22105359e5a', '2023-04-28 14:00:00');
INSERT INTO public.event_steps (id, event, type, date_time) VALUES ('18b3ce7e-feee-4384-ad30-06914f6acdc9', '78c22dd9-be1e-4945-960c-01658201044d', '2f1ef80d-3eaa-42b2-87f4-bf36da2d8e06', '2023-04-29 10:30:00');
INSERT INTO public.event_steps (id, event, type, date_time) VALUES ('71aa4da5-359e-47e4-ad1c-2a166c04f16f', '78c22dd9-be1e-4945-960c-01658201044d', 'ac38384c-2789-4c16-89d1-ecdd338ef198', '2023-04-29 14:30:00');
INSERT INTO public.event_steps (id, event, type, date_time) VALUES ('43a6477a-42bf-4e04-b070-d78cb8fcf4eb', '78c22dd9-be1e-4945-960c-01658201044d', 'b3418e4c-73dc-4304-b45a-c64bc9fb3f27', '2023-04-30 12:00:00');
INSERT INTO public.event_steps (id, event, type, date_time) VALUES ('c6287fd4-1581-4dd7-a25a-f45d3fed3590', '885e9dd1-5abe-428e-8019-f603ceae0685', 'a10f354f-b35d-4e0a-88cf-e1a6ebe82d75', '2023-06-30 12:30:00');
INSERT INTO public.event_steps (id, event, type, date_time) VALUES ('e74674c6-a95e-4740-b768-569b2e90ab37', '885e9dd1-5abe-428e-8019-f603ceae0685', '3c56e36c-14f8-4c69-8976-c22105359e5a', '2023-06-30 16:00:00');
INSERT INTO public.event_steps (id, event, type, date_time) VALUES ('2f145e38-1915-4a23-bf69-dae178cebb2e', '885e9dd1-5abe-428e-8019-f603ceae0685', '2f1ef80d-3eaa-42b2-87f4-bf36da2d8e06', '2023-07-01 11:30:00');
INSERT INTO public.event_steps (id, event, type, date_time) VALUES ('7170b091-4f7e-4252-9f80-888be4e67dcb', '885e9dd1-5abe-428e-8019-f603ceae0685', 'ac38384c-2789-4c16-89d1-ecdd338ef198', '2023-07-01 15:30:00');
INSERT INTO public.event_steps (id, event, type, date_time) VALUES ('c46fa55f-cd99-4687-81f8-711aeca49f0f', '885e9dd1-5abe-428e-8019-f603ceae0685', 'b3418e4c-73dc-4304-b45a-c64bc9fb3f27', '2023-07-02 14:00:00');
INSERT INTO public.event_steps (id, event, type, date_time) VALUES ('7632cca7-a773-4d14-8bda-503bde0a1e57', '35246f2b-ec9a-43dc-aa33-d92250fde07f', 'a10f354f-b35d-4e0a-88cf-e1a6ebe82d75', '2023-07-28 12:30:00');
INSERT INTO public.event_steps (id, event, type, date_time) VALUES ('eef88a30-5f85-49ee-92eb-66d7acf3bf10', '35246f2b-ec9a-43dc-aa33-d92250fde07f', '3c56e36c-14f8-4c69-8976-c22105359e5a', '2023-07-28 16:00:00');
INSERT INTO public.event_steps (id, event, type, date_time) VALUES ('6af3ed13-cfd7-47d8-b520-f3835bb4df83', '35246f2b-ec9a-43dc-aa33-d92250fde07f', '2f1ef80d-3eaa-42b2-87f4-bf36da2d8e06', '2023-07-29 11:30:00');
INSERT INTO public.event_steps (id, event, type, date_time) VALUES ('161dd483-fb11-49ed-9fa4-22f0efcd172f', '35246f2b-ec9a-43dc-aa33-d92250fde07f', '2848eaca-c593-4b97-95de-6b71c114b0b5', '2023-07-29 15:30:00');
INSERT INTO public.event_steps (id, event, type, date_time) VALUES ('2a66bca0-6a3e-4578-a00e-f35a80789b66', '35246f2b-ec9a-43dc-aa33-d92250fde07f', 'b3418e4c-73dc-4304-b45a-c64bc9fb3f27', '2023-07-30 14:00:00');


--
-- Data for Name: racers; Type: TABLE DATA; Schema: public; Owner: app
--

INSERT INTO public.racers (id, car, driver, startdate, enddate) VALUES ('6faa4747-db3c-4869-8532-d4706ee921be', '9091a5af-b588-4632-9251-66654d35f77d', '376f88ca-b07a-4802-b117-799421598d03', '2022-01-01 00:00:00', '2022-12-31 23:59:59');
INSERT INTO public.racers (id, car, driver, startdate, enddate) VALUES ('f24a8df4-e2d5-4b11-a0ba-2c9eba96abb4', '5b927c77-32da-48ac-b6f3-c10f7e042aac', 'f9157781-1615-4d1e-9b58-6298ea1c9200', '2022-01-01 00:00:00', '2022-12-31 23:59:59');
INSERT INTO public.racers (id, car, driver, startdate, enddate) VALUES ('22e3a5e7-b814-4912-bd23-9b5abb67af4c', 'ab4c09bb-e2cd-4e06-9c59-372fd8365736', 'f4c60528-4f64-47d0-b460-15c0ec4d69fe', '2022-01-01 00:00:00', '2022-12-31 23:59:59');
INSERT INTO public.racers (id, car, driver, startdate, enddate) VALUES ('eac10244-6119-46a1-9541-7a486ec83442', '10977814-6cf1-4088-a5b8-b8e2fa70d0d4', 'd98aaa41-6948-4216-9585-c84faedcd17c', '2022-01-01 00:00:00', '2022-12-31 23:59:59');
INSERT INTO public.racers (id, car, driver, startdate, enddate) VALUES ('cc56f492-ae21-47d5-92db-f0e94fb059ff', 'ecc7854d-5aae-42e7-a1d7-19081677f431', '59dc6702-fde8-4b2f-b04e-1a0f8ffebe38', '2022-01-01 00:00:00', '2022-12-31 23:59:59');
INSERT INTO public.racers (id, car, driver, startdate, enddate) VALUES ('ef9ed0e7-568f-40e3-af6e-1d48ff961a65', '5d9a78a4-7cd5-4452-8dc4-d054d6786daa', '0c7f0cf0-8d2f-438f-b1d8-c15be2e8cc96', '2022-01-01 00:00:00', '2022-12-31 23:59:59');
INSERT INTO public.racers (id, car, driver, startdate, enddate) VALUES ('2abfcd71-9956-4ce3-a0a3-2057c811bf78', 'ada74a80-0a02-43a3-95ad-fd00dfef1683', '886072d0-3f71-44d9-a28e-5d1120b34239', '2022-01-01 00:00:00', '2022-12-31 23:59:59');
INSERT INTO public.racers (id, car, driver, startdate, enddate) VALUES ('1006b479-80e7-43fd-a65c-73e7724c803c', '782bf361-8ecc-4da3-b097-a97e0c5e4b48', 'b480ff53-a91e-49bb-8de2-ba673501982f', '2022-01-01 00:00:00', '2022-12-31 23:59:59');
INSERT INTO public.racers (id, car, driver, startdate, enddate) VALUES ('c2ae3859-8655-4ae0-8001-ccc3b627f75c', '6bd4fc55-89fd-4a61-9fa9-bbfbbdfd2de7', 'caf2d7ff-8372-4043-b79d-e2062d799da6', '2022-01-01 00:00:00', '2022-12-31 23:59:59');
INSERT INTO public.racers (id, car, driver, startdate, enddate) VALUES ('514df511-4b82-4b1e-8c0a-1ca7f810ff8f', '4401843f-8fb1-40c0-8256-34086a0823d5', '4da2cb59-5bc4-4502-983c-8ab5ba156f78', '2022-01-01 00:00:00', '2022-12-31 23:59:59');
INSERT INTO public.racers (id, car, driver, startdate, enddate) VALUES ('94b15ca0-6d88-4782-a51d-9d2674f467d4', 'bd096779-7175-4b01-9cd8-4d7393eb556b', '043f15b7-7e92-4a7e-8e2d-08db6ae3c283', '2022-01-01 00:00:00', '2022-12-31 23:59:59');
INSERT INTO public.racers (id, car, driver, startdate, enddate) VALUES ('423422d0-9af2-49d2-9b71-82f5b90ddc42', '8ed1a44c-063c-480c-8881-ff8162341f58', '368de2ea-cc01-412e-a670-65f3512daf10', '2022-01-01 00:00:00', '2022-12-31 23:59:59');
INSERT INTO public.racers (id, car, driver, startdate, enddate) VALUES ('67439855-dfa0-4922-9a01-71cf88c00baa', '4eae9d76-8c8a-4038-ae0f-f8439962d04d', 'b8242bfc-831e-41d3-99ca-a15906bef28b', '2022-01-01 00:00:00', '2022-12-31 23:59:59');
INSERT INTO public.racers (id, car, driver, startdate, enddate) VALUES ('377dc90d-0a50-4826-aaa4-062bb6e23afb', '4b3c6596-3b68-449f-8883-492bf3792cc8', '72dbaa68-4dc3-4087-90b0-8153cb441738', '2022-01-01 00:00:00', '2022-12-31 23:59:59');
INSERT INTO public.racers (id, car, driver, startdate, enddate) VALUES ('31e342a0-5535-4196-8adc-55ee504c5522', '1ef5aca1-e0bc-4252-942b-d8a53ea51ca0', '92bba624-1864-4053-8c7f-7f1ea6709063', '2022-01-01 00:00:00', '2022-12-31 23:59:59');
INSERT INTO public.racers (id, car, driver, startdate, enddate) VALUES ('8928f1bd-57d4-4711-bca4-e242078a92fe', 'c69289d7-1fa4-4d5d-9062-d4e8c9006359', '5db217dc-d298-479e-ac24-0e2e0178d30a', '2022-01-01 00:00:00', '2022-12-31 23:59:59');
INSERT INTO public.racers (id, car, driver, startdate, enddate) VALUES ('0d4d5a06-717a-4447-9e35-5814f3e21047', 'b56ede6e-8211-492f-b639-762ec367e0dc', '494f6b1d-7622-4032-bf04-182a0dee404e', '2022-01-01 00:00:00', '2022-12-31 23:59:59');
INSERT INTO public.racers (id, car, driver, startdate, enddate) VALUES ('1ca83a76-9c12-4609-9508-24b8d7b7fa7a', '0e968bbf-c046-4116-9409-19c65ad381b3', '93cd5944-2646-4681-ba0c-fe24be31a2d7', '2022-01-01 00:00:00', '2022-12-31 23:59:59');
INSERT INTO public.racers (id, car, driver, startdate, enddate) VALUES ('cda5215b-aed3-4528-ad43-f751060dcbba', '0b2b5f17-6e4d-4486-8f10-2336d392dddc', '88038686-7a0e-4d23-8043-93e56e48a804', '2022-01-01 00:00:00', '2022-03-25 23:59:59');
INSERT INTO public.racers (id, car, driver, startdate, enddate) VALUES ('3a96b26d-f495-479a-8ac2-584058e09e26', '242e5a1a-e706-4824-905a-977767d0bb71', 'b871589d-32f5-43c6-9cf6-9750b8748498', '2022-03-26 00:00:00', '2022-12-31 23:59:59');
INSERT INTO public.racers (id, car, driver, startdate, enddate) VALUES ('27426e68-0d4f-428b-85c9-c917cc808ac6', '978eba5d-481b-4c9e-b44d-90f657a882f8', '8345df6c-8d1a-4de8-8616-23869b2b316f', '2022-01-01 00:00:00', '2022-09-04 23:59:59');
INSERT INTO public.racers (id, car, driver, startdate, enddate) VALUES ('a9532c63-4450-45a6-a128-1df4e9fec5cf', '953f13a4-5f6b-4da6-a23a-147d7e27739c', 'f3296964-0bf7-4ad6-aa47-3fc349d66720', '2022-09-05 00:00:00', '2022-09-11 23:59:59');
INSERT INTO public.racers (id, car, driver, startdate, enddate) VALUES ('846338c7-fa59-4dde-bba4-52510f6cff2c', '978eba5d-481b-4c9e-b44d-90f657a882f8', '8345df6c-8d1a-4de8-8616-23869b2b316f', '2022-09-12 00:00:00', '2022-12-31 23:59:59');
INSERT INTO public.racers (id, car, driver, startdate, enddate) VALUES ('3334f7ab-920b-4b1e-a945-0ba12d5b8164', 'eb970384-3630-4620-87b3-bdf0f2f4384c', '368de2ea-cc01-412e-a670-65f3512daf10', '2023-01-01 00:00:00', '2023-12-31 23:59:59');
INSERT INTO public.racers (id, car, driver, startdate, enddate) VALUES ('23ef3b77-204e-4ef5-8502-461f5b0b1359', '8c481614-90d4-4178-928f-591294d2caef', '93cd5944-2646-4681-ba0c-fe24be31a2d7', '2023-01-01 00:00:00', '2023-12-31 23:59:59');
INSERT INTO public.racers (id, car, driver, startdate, enddate) VALUES ('c5210928-c3f3-404a-99b5-b599fbbf2015', 'a490d12e-2720-429f-8c88-fbb63faccc2c', 'f3296964-0bf7-4ad6-aa47-3fc349d66720', '2023-01-01 00:00:00', '2023-12-31 23:59:59');
INSERT INTO public.racers (id, car, driver, startdate, enddate) VALUES ('cc3da460-1263-4895-bb75-8293c1159ee7', 'c064d0a4-4392-4b9e-9f3d-1684f542edb9', '4da2cb59-5bc4-4502-983c-8ab5ba156f78', '2023-01-01 00:00:00', '2023-12-31 23:59:59');
INSERT INTO public.racers (id, car, driver, startdate, enddate) VALUES ('be3c1609-52d9-4c00-adbe-2a6ea25a2ae8', '47ff7165-fb78-4672-88f3-a476463ecd7e', 'd98aaa41-6948-4216-9585-c84faedcd17c', '2023-01-01 00:00:00', '2023-12-31 23:59:59');
INSERT INTO public.racers (id, car, driver, startdate, enddate) VALUES ('41881da2-5429-4a0e-84cb-d3c14aafc922', 'ec7726a2-8144-40c4-a9a8-510a4e48fcb8', 'b8242bfc-831e-41d3-99ca-a15906bef28b', '2023-01-01 00:00:00', '2023-12-31 23:59:59');
INSERT INTO public.racers (id, car, driver, startdate, enddate) VALUES ('74d6cacd-f9d7-4a64-a034-0cada33b7821', '701d5d67-322a-4698-807e-790dc36ef2c9', '0c7f0cf0-8d2f-438f-b1d8-c15be2e8cc96', '2023-01-01 00:00:00', '2023-12-31 23:59:59');
INSERT INTO public.racers (id, car, driver, startdate, enddate) VALUES ('bd5f4538-586c-4d16-a3aa-e597b3a69e3d', '6f18d71b-2d3c-452a-be0e-2851bc4df46e', 'b480ff53-a91e-49bb-8de2-ba673501982f', '2023-01-01 00:00:00', '2023-12-31 23:59:59');
INSERT INTO public.racers (id, car, driver, startdate, enddate) VALUES ('3aa04a6b-72f8-4138-aea4-4fdcb1a14be7', '4d80e144-7260-4c17-a36b-842a59ddd3c7', '886072d0-3f71-44d9-a28e-5d1120b34239', '2023-01-01 00:00:00', '2023-12-31 23:59:59');
INSERT INTO public.racers (id, car, driver, startdate, enddate) VALUES ('85f4765c-e890-43fc-8499-eaed3e44a657', 'c58d852c-0475-48fa-8064-b078b5ef92ba', '5db217dc-d298-479e-ac24-0e2e0178d30a', '2023-01-01 00:00:00', '2023-12-31 23:59:59');
INSERT INTO public.racers (id, car, driver, startdate, enddate) VALUES ('688d5199-0cd5-436b-8573-44e56d9a40a5', 'cc7a3100-8dae-40e1-bae2-119fa42c2901', 'caf2d7ff-8372-4043-b79d-e2062d799da6', '2023-01-01 00:00:00', '2023-12-31 23:59:59');
INSERT INTO public.racers (id, car, driver, startdate, enddate) VALUES ('1b97bb37-f111-4fcb-9d58-fdeb58e91160', '33ad85b8-1c68-4cbf-8a88-0c10ed6cbf83', '88038686-7a0e-4d23-8043-93e56e48a804', '2023-01-01 00:00:00', '2023-12-31 23:59:59');
INSERT INTO public.racers (id, car, driver, startdate, enddate) VALUES ('970f04f4-99ab-4580-af72-2184e90992d5', 'db0a5c33-5af5-42af-8b9a-c6470e9d085d', 'f4c60528-4f64-47d0-b460-15c0ec4d69fe', '2023-01-01 00:00:00', '2023-12-31 23:59:59');
INSERT INTO public.racers (id, car, driver, startdate, enddate) VALUES ('e82c4fd2-44e8-4f8d-9522-117558a205aa', 'e0b6d951-9f75-4d7d-9f7a-c5dc48a796c8', '1dfe05c7-7693-4a94-9333-54ebd485916a', '2023-01-01 00:00:00', '2023-12-31 23:59:59');
INSERT INTO public.racers (id, car, driver, startdate, enddate) VALUES ('f4aad547-d9ae-4e90-bb05-66b7166f2218', 'db82c1a8-df57-4573-ba00-c053b0dba526', '72dbaa68-4dc3-4087-90b0-8153cb441738', '2023-01-01 00:00:00', '2023-12-31 23:59:59');
INSERT INTO public.racers (id, car, driver, startdate, enddate) VALUES ('6757a39f-f0c7-4a6e-be22-5c43575615df', 'af083867-6b05-4dc2-8ed0-25464f0232ec', '494f6b1d-7622-4032-bf04-182a0dee404e', '2023-01-01 00:00:00', '2023-12-31 23:59:59');
INSERT INTO public.racers (id, car, driver, startdate, enddate) VALUES ('de8e6942-cc57-4e17-a0ac-b6cb09f94563', '0f4b7fc5-c714-41d1-b860-7aaf226057cf', '376f88ca-b07a-4802-b117-799421598d03', '2023-01-01 00:00:00', '2023-12-31 23:59:59');
INSERT INTO public.racers (id, car, driver, startdate, enddate) VALUES ('2902530d-e57e-4576-a527-ff776e136149', 'd45c62d1-de1e-441e-bfc5-9349ba814465', '59dc6702-fde8-4b2f-b04e-1a0f8ffebe38', '2023-01-01 00:00:00', '2023-12-31 23:59:59');
INSERT INTO public.racers (id, car, driver, startdate, enddate) VALUES ('3f81efe8-d22f-4515-a2bf-26beff401d4e', '56073ab5-f373-478f-a041-d734e0af0f0f', 'c0b2c74e-762e-4b0e-8875-cbaf7fab4717', '2023-01-01 00:00:00', '2023-12-31 23:59:59');
INSERT INTO public.racers (id, car, driver, startdate, enddate) VALUES ('c714d861-3434-48c0-af35-020f63353861', '86bd6f56-be33-411b-bafc-d2254eb67a27', '043f15b7-7e92-4a7e-8e2d-08db6ae3c283', '2023-01-01 00:00:00', '2023-12-31 23:59:59');


--
-- Data for Name: results; Type: TABLE DATA; Schema: public; Owner: app
--



--
-- Data for Name: team_standings; Type: TABLE DATA; Schema: public; Owner: app
--



--
-- PostgreSQL database dump complete
--

